<?xml version="1.0" encoding="UTF-8"?>
<gpx xmlns="http://www.topografix.com/GPX/1/1" xmlns:gpxtpx="http://www.garmin.com/xmlschemas/TrackPointExtension/v1" xmlns:xsi="http://www.w3.org/2001/XMLSchema-instance" xsi:schemaLocation="http://www.topografix.com/GPX/1/1 http://www.topografix.com/GPX/1/1/gpx.xsd" version="1.1" creator="gpx.py -- https://github.com/tkrajina/gpxpy">
  <trk>
    <name>gpx from keep</name>
    <type>Run</type>
    <trkseg>
      <trkpt lat="23.217876698432075" lon="113.37980795372968">
        <ele>49.0</ele>
        <time>2026-07-25T09:34:37Z</time>
        <extensions>
          <gpxtpx:TrackPointExtension>
            <gpxtpx:hr>110</gpxtpx:hr>
          </gpxtpx:TrackPointExtension>
        </extensions>
      </trkpt>
      <trkpt lat="23.217797784403828" lon="113.37972501527734">
        <ele>49.0</ele>
        <time>2026-07-25T09:34:41Z</time>
        <extensions>
          <gpxtpx:TrackPointExtension>
            <gpxtpx:hr>116</gpxtpx:hr>
          </gpxtpx:TrackPointExtension>
        </extensions>
      </trkpt>
      <trkpt lat="23.217723868196813" lon="113.37964307609714">
        <ele>49.0</ele>
        <time>2026-07-25T09:34:45Z</time>
        <extensions>
          <gpxtpx:TrackPointExtension>
            <gpxtpx:hr>118</gpxtpx:hr>
          </gpxtpx:TrackPointExtension>
        </extensions>
      </trkpt>
      <trkpt lat="23.217404279499057" lon="113.37922538669727">
        <ele>49.4</ele>
        <time>2026-07-25T09:35:04Z</time>
        <extensions>
          <gpxtpx:TrackPointExtension>
            <gpxtpx:hr>122</gpxtpx:hr>
          </gpxtpx:TrackPointExtension>
        </extensions>
      </trkpt>
      <trkpt lat="23.217345345103322" lon="113.3791634342021">
        <ele>49.4</ele>
        <time>2026-07-25T09:35:07Z</time>
        <extensions>
          <gpxtpx:TrackPointExtension>
            <gpxtpx:hr>122</gpxtpx:hr>
          </gpxtpx:TrackPointExtension>
        </extensions>
      </trkpt>
      <trkpt lat="23.217328367776062" lon="113.37914045153033">
        <ele>49.4</ele>
        <time>2026-07-25T09:35:08Z</time>
        <extensions>
          <gpxtpx:TrackPointExtension>
            <gpxtpx:hr>126</gpxtpx:hr>
          </gpxtpx:TrackPointExtension>
        </extensions>
      </trkpt>
      <trkpt lat="23.217312392309932" lon="113.3791144709246">
        <ele>49.4</ele>
        <time>2026-07-25T09:35:09Z</time>
        <extensions>
          <gpxtpx:TrackPointExtension>
            <gpxtpx:hr>126</gpxtpx:hr>
          </gpxtpx:TrackPointExtension>
        </extensions>
      </trkpt>
      <trkpt lat="23.217209571222426" lon="113.37891961613573">
        <ele>48.8</ele>
        <time>2026-07-25T09:35:17Z</time>
        <extensions>
          <gpxtpx:TrackPointExtension>
            <gpxtpx:hr>128</gpxtpx:hr>
          </gpxtpx:TrackPointExtension>
        </extensions>
      </trkpt>
      <trkpt lat="23.217192589684295" lon="113.3789026294247">
        <ele>48.8</ele>
        <time>2026-07-25T09:35:18Z</time>
        <extensions>
          <gpxtpx:TrackPointExtension>
            <gpxtpx:hr>129</gpxtpx:hr>
          </gpxtpx:TrackPointExtension>
        </extensions>
      </trkpt>
      <trkpt lat="23.217168610596907" lon="113.37888564320806">
        <ele>48.8</ele>
        <time>2026-07-25T09:35:19Z</time>
        <extensions>
          <gpxtpx:TrackPointExtension>
            <gpxtpx:hr>129</gpxtpx:hr>
          </gpxtpx:TrackPointExtension>
        </extensions>
      </trkpt>
      <trkpt lat="23.217140627741998" lon="113.37887565227761">
        <ele>48.8</ele>
        <time>2026-07-25T09:35:20Z</time>
        <extensions>
          <gpxtpx:TrackPointExtension>
            <gpxtpx:hr>129</gpxtpx:hr>
          </gpxtpx:TrackPointExtension>
        </extensions>
      </trkpt>
      <trkpt lat="23.217101638379592" lon="113.37887965210594">
        <ele>48.8</ele>
        <time>2026-07-25T09:35:22Z</time>
        <extensions>
          <gpxtpx:TrackPointExtension>
            <gpxtpx:hr>129</gpxtpx:hr>
          </gpxtpx:TrackPointExtension>
        </extensions>
      </trkpt>
      <trkpt lat="23.217062644588232" lon="113.37888964765156">
        <ele>49.5</ele>
        <time>2026-07-25T09:35:23Z</time>
        <extensions>
          <gpxtpx:TrackPointExtension>
            <gpxtpx:hr>131</gpxtpx:hr>
          </gpxtpx:TrackPointExtension>
        </extensions>
      </trkpt>
      <trkpt lat="23.21701564695067" lon="113.378908637334">
        <ele>49.5</ele>
        <time>2026-07-25T09:35:25Z</time>
        <extensions>
          <gpxtpx:TrackPointExtension>
            <gpxtpx:hr>131</gpxtpx:hr>
          </gpxtpx:TrackPointExtension>
        </extensions>
      </trkpt>
      <trkpt lat="23.21699864476578" lon="113.3789196306647">
        <ele>49.5</ele>
        <time>2026-07-25T09:35:26Z</time>
        <extensions>
          <gpxtpx:TrackPointExtension>
            <gpxtpx:hr>131</gpxtpx:hr>
          </gpxtpx:TrackPointExtension>
        </extensions>
      </trkpt>
      <trkpt lat="23.21697563510278" lon="113.37894361516122">
        <ele>49.5</ele>
        <time>2026-07-25T09:35:28Z</time>
        <extensions>
          <gpxtpx:TrackPointExtension>
            <gpxtpx:hr>132</gpxtpx:hr>
          </gpxtpx:TrackPointExtension>
        </extensions>
      </trkpt>
      <trkpt lat="23.21696163335897" lon="113.3789526097239">
        <ele>49.5</ele>
        <time>2026-07-25T09:35:29Z</time>
        <extensions>
          <gpxtpx:TrackPointExtension>
            <gpxtpx:hr>132</gpxtpx:hr>
          </gpxtpx:TrackPointExtension>
        </extensions>
      </trkpt>
      <trkpt lat="23.216946634174008" lon="113.37895860649112">
        <ele>49.5</ele>
        <time>2026-07-25T09:35:30Z</time>
        <extensions>
          <gpxtpx:TrackPointExtension>
            <gpxtpx:hr>132</gpxtpx:hr>
          </gpxtpx:TrackPointExtension>
        </extensions>
      </trkpt>
      <trkpt lat="23.21693063828148" lon="113.37896060617132">
        <ele>49.5</ele>
        <time>2026-07-25T09:35:31Z</time>
        <extensions>
          <gpxtpx:TrackPointExtension>
            <gpxtpx:hr>132</gpxtpx:hr>
          </gpxtpx:TrackPointExtension>
        </extensions>
      </trkpt>
      <trkpt lat="23.216884654321618" lon="113.37896060933876">
        <ele>49.4</ele>
        <time>2026-07-25T09:35:33Z</time>
        <extensions>
          <gpxtpx:TrackPointExtension>
            <gpxtpx:hr>134</gpxtpx:hr>
          </gpxtpx:TrackPointExtension>
        </extensions>
      </trkpt>
      <trkpt lat="23.21686166087113" lon="113.37896260950113">
        <ele>49.4</ele>
        <time>2026-07-25T09:35:34Z</time>
        <extensions>
          <gpxtpx:TrackPointExtension>
            <gpxtpx:hr>134</gpxtpx:hr>
          </gpxtpx:TrackPointExtension>
        </extensions>
      </trkpt>
      <trkpt lat="23.21684066525283" lon="113.37896660810492">
        <ele>49.4</ele>
        <time>2026-07-25T09:35:35Z</time>
        <extensions>
          <gpxtpx:TrackPointExtension>
            <gpxtpx:hr>134</gpxtpx:hr>
          </gpxtpx:TrackPointExtension>
        </extensions>
      </trkpt>
      <trkpt lat="23.216817668127465" lon="113.37897360471644">
        <ele>49.4</ele>
        <time>2026-07-25T09:35:36Z</time>
        <extensions>
          <gpxtpx:TrackPointExtension>
            <gpxtpx:hr>134</gpxtpx:hr>
          </gpxtpx:TrackPointExtension>
        </extensions>
      </trkpt>
      <trkpt lat="23.216794669534746" lon="113.3789825999104">
        <ele>49.4</ele>
        <time>2026-07-25T09:35:37Z</time>
        <extensions>
          <gpxtpx:TrackPointExtension>
            <gpxtpx:hr>134</gpxtpx:hr>
          </gpxtpx:TrackPointExtension>
        </extensions>
      </trkpt>
      <trkpt lat="23.21674966467202" lon="113.379010583152">
        <ele>49.4</ele>
        <time>2026-07-25T09:35:40Z</time>
        <extensions>
          <gpxtpx:TrackPointExtension>
            <gpxtpx:hr>134</gpxtpx:hr>
          </gpxtpx:TrackPointExtension>
        </extensions>
      </trkpt>
      <trkpt lat="23.216733665118223" lon="113.37901757929471">
        <ele>49.4</ele>
        <time>2026-07-25T09:35:42Z</time>
        <extensions>
          <gpxtpx:TrackPointExtension>
            <gpxtpx:hr>134</gpxtpx:hr>
          </gpxtpx:TrackPointExtension>
        </extensions>
      </trkpt>
      <trkpt lat="23.21675665929576" lon="113.37901457983602">
        <ele>50.1</ele>
        <time>2026-07-25T09:35:45Z</time>
        <extensions>
          <gpxtpx:TrackPointExtension>
            <gpxtpx:hr>134</gpxtpx:hr>
          </gpxtpx:TrackPointExtension>
        </extensions>
      </trkpt>
      <trkpt lat="23.216769656962065" lon="113.37901158106628">
        <ele>50.1</ele>
        <time>2026-07-25T09:35:46Z</time>
        <extensions>
          <gpxtpx:TrackPointExtension>
            <gpxtpx:hr>134</gpxtpx:hr>
          </gpxtpx:TrackPointExtension>
        </extensions>
      </trkpt>
      <trkpt lat="23.21677465668547" lon="113.37900958213916">
        <ele>50.1</ele>
        <time>2026-07-25T09:35:47Z</time>
        <extensions>
          <gpxtpx:TrackPointExtension>
            <gpxtpx:hr>134</gpxtpx:hr>
          </gpxtpx:TrackPointExtension>
        </extensions>
      </trkpt>
      <trkpt lat="23.21677565560294" lon="113.3790105813617">
        <ele>50.1</ele>
        <time>2026-07-25T09:35:48Z</time>
        <extensions>
          <gpxtpx:TrackPointExtension>
            <gpxtpx:hr>133</gpxtpx:hr>
          </gpxtpx:TrackPointExtension>
        </extensions>
      </trkpt>
      <trkpt lat="23.21677565560294" lon="113.3790105813617">
        <ele>50.2</ele>
        <time>2026-07-25T09:35:53Z</time>
        <extensions>
          <gpxtpx:TrackPointExtension>
            <gpxtpx:hr>132</gpxtpx:hr>
          </gpxtpx:TrackPointExtension>
        </extensions>
      </trkpt>
      <trkpt lat="23.21677465668547" lon="113.37900958213916">
        <ele>50.2</ele>
        <time>2026-07-25T09:35:56Z</time>
        <extensions>
          <gpxtpx:TrackPointExtension>
            <gpxtpx:hr>132</gpxtpx:hr>
          </gpxtpx:TrackPointExtension>
        </extensions>
      </trkpt>
      <trkpt lat="23.21676765839337" lon="113.37901058191255">
        <ele>50.1</ele>
        <time>2026-07-25T09:36:03Z</time>
        <extensions>
          <gpxtpx:TrackPointExtension>
            <gpxtpx:hr>128</gpxtpx:hr>
          </gpxtpx:TrackPointExtension>
        </extensions>
      </trkpt>
      <trkpt lat="23.216753669881676" lon="113.37900158925551">
        <ele>50.1</ele>
        <time>2026-07-25T09:36:06Z</time>
        <extensions>
          <gpxtpx:TrackPointExtension>
            <gpxtpx:hr>128</gpxtpx:hr>
          </gpxtpx:TrackPointExtension>
        </extensions>
      </trkpt>
      <trkpt lat="23.216743676306418" lon="113.37899759278027">
        <ele>50.1</ele>
        <time>2026-07-25T09:36:07Z</time>
        <extensions>
          <gpxtpx:TrackPointExtension>
            <gpxtpx:hr>128</gpxtpx:hr>
          </gpxtpx:TrackPointExtension>
        </extensions>
      </trkpt>
      <trkpt lat="23.21673567983127" lon="113.37899659404029">
        <ele>50.1</ele>
        <time>2026-07-25T09:36:08Z</time>
        <extensions>
          <gpxtpx:TrackPointExtension>
            <gpxtpx:hr>126</gpxtpx:hr>
          </gpxtpx:TrackPointExtension>
        </extensions>
      </trkpt>
      <trkpt lat="23.21669265670278" lon="113.37904856018191">
        <ele>50.7</ele>
        <time>2026-07-25T09:36:16Z</time>
        <extensions>
          <gpxtpx:TrackPointExtension>
            <gpxtpx:hr>127</gpxtpx:hr>
          </gpxtpx:TrackPointExtension>
        </extensions>
      </trkpt>
      <trkpt lat="23.216675650190833" lon="113.37906554934061">
        <ele>50.7</ele>
        <time>2026-07-25T09:36:17Z</time>
        <extensions>
          <gpxtpx:TrackPointExtension>
            <gpxtpx:hr>127</gpxtpx:hr>
          </gpxtpx:TrackPointExtension>
        </extensions>
      </trkpt>
      <trkpt lat="23.216644642728383" lon="113.37909053383319">
        <ele>50.7</ele>
        <time>2026-07-25T09:36:19Z</time>
        <extensions>
          <gpxtpx:TrackPointExtension>
            <gpxtpx:hr>127</gpxtpx:hr>
          </gpxtpx:TrackPointExtension>
        </extensions>
      </trkpt>
      <trkpt lat="23.216625636212317" lon="113.37910852245588">
        <ele>50.7</ele>
        <time>2026-07-25T09:36:20Z</time>
        <extensions>
          <gpxtpx:TrackPointExtension>
            <gpxtpx:hr>127</gpxtpx:hr>
          </gpxtpx:TrackPointExtension>
        </extensions>
      </trkpt>
      <trkpt lat="23.216557604574945" lon="113.37918447373019">
        <ele>50.6</ele>
        <time>2026-07-25T09:36:23Z</time>
        <extensions>
          <gpxtpx:TrackPointExtension>
            <gpxtpx:hr>127</gpxtpx:hr>
          </gpxtpx:TrackPointExtension>
        </extensions>
      </trkpt>
      <trkpt lat="23.216494583008593" lon="113.37924443607945">
        <ele>50.6</ele>
        <time>2026-07-25T09:36:25Z</time>
        <extensions>
          <gpxtpx:TrackPointExtension>
            <gpxtpx:hr>127</gpxtpx:hr>
          </gpxtpx:TrackPointExtension>
        </extensions>
      </trkpt>
      <trkpt lat="23.21646157424923" lon="113.37927241880998">
        <ele>50.6</ele>
        <time>2026-07-25T09:36:26Z</time>
        <extensions>
          <gpxtpx:TrackPointExtension>
            <gpxtpx:hr>127</gpxtpx:hr>
          </gpxtpx:TrackPointExtension>
        </extensions>
      </trkpt>
      <trkpt lat="23.216428567688748" lon="113.37929740366278">
        <ele>50.6</ele>
        <time>2026-07-25T09:36:27Z</time>
        <extensions>
          <gpxtpx:TrackPointExtension>
            <gpxtpx:hr>127</gpxtpx:hr>
          </gpxtpx:TrackPointExtension>
        </extensions>
      </trkpt>
      <trkpt lat="23.21639256364396" lon="113.37932039013948">
        <ele>50.6</ele>
        <time>2026-07-25T09:36:28Z</time>
        <extensions>
          <gpxtpx:TrackPointExtension>
            <gpxtpx:hr>130</gpxtpx:hr>
          </gpxtpx:TrackPointExtension>
        </extensions>
      </trkpt>
      <trkpt lat="23.216354562481712" lon="113.37934037885968">
        <ele>50.6</ele>
        <time>2026-07-25T09:36:29Z</time>
        <extensions>
          <gpxtpx:TrackPointExtension>
            <gpxtpx:hr>130</gpxtpx:hr>
          </gpxtpx:TrackPointExtension>
        </extensions>
      </trkpt>
      <trkpt lat="23.216315563125743" lon="113.3793583690531">
        <ele>50.6</ele>
        <time>2026-07-25T09:36:30Z</time>
        <extensions>
          <gpxtpx:TrackPointExtension>
            <gpxtpx:hr>130</gpxtpx:hr>
          </gpxtpx:TrackPointExtension>
        </extensions>
      </trkpt>
      <trkpt lat="23.216275564852264" lon="113.3793753600222">
        <ele>50.6</ele>
        <time>2026-07-25T09:36:31Z</time>
        <extensions>
          <gpxtpx:TrackPointExtension>
            <gpxtpx:hr>130</gpxtpx:hr>
          </gpxtpx:TrackPointExtension>
        </extensions>
      </trkpt>
      <trkpt lat="23.21623156798802" lon="113.37939235127917">
        <ele>50.6</ele>
        <time>2026-07-25T09:36:32Z</time>
        <extensions>
          <gpxtpx:TrackPointExtension>
            <gpxtpx:hr>130</gpxtpx:hr>
          </gpxtpx:TrackPointExtension>
        </extensions>
      </trkpt>
      <trkpt lat="23.21617657425988" lon="113.37941034261465">
        <ele>52.3</ele>
        <time>2026-07-25T09:36:34Z</time>
        <extensions>
          <gpxtpx:TrackPointExtension>
            <gpxtpx:hr>131</gpxtpx:hr>
          </gpxtpx:TrackPointExtension>
        </extensions>
      </trkpt>
      <trkpt lat="23.216123582001064" lon="113.37942533589838">
        <ele>52.3</ele>
        <time>2026-07-25T09:36:35Z</time>
        <extensions>
          <gpxtpx:TrackPointExtension>
            <gpxtpx:hr>131</gpxtpx:hr>
          </gpxtpx:TrackPointExtension>
        </extensions>
      </trkpt>
      <trkpt lat="23.216088589921263" lon="113.37943133416482">
        <ele>52.3</ele>
        <time>2026-07-25T09:36:36Z</time>
        <extensions>
          <gpxtpx:TrackPointExtension>
            <gpxtpx:hr>131</gpxtpx:hr>
          </gpxtpx:TrackPointExtension>
        </extensions>
      </trkpt>
      <trkpt lat="23.21605260106268" lon="113.37943333526286">
        <ele>52.3</ele>
        <time>2026-07-25T09:36:37Z</time>
        <extensions>
          <gpxtpx:TrackPointExtension>
            <gpxtpx:hr>131</gpxtpx:hr>
          </gpxtpx:TrackPointExtension>
        </extensions>
      </trkpt>
      <trkpt lat="23.21601761400819" lon="113.37943233836329">
        <ele>52.3</ele>
        <time>2026-07-25T09:36:38Z</time>
        <extensions>
          <gpxtpx:TrackPointExtension>
            <gpxtpx:hr>132</gpxtpx:hr>
          </gpxtpx:TrackPointExtension>
        </extensions>
      </trkpt>
      <trkpt lat="23.21598062837106" lon="113.37943034229197">
        <ele>52.3</ele>
        <time>2026-07-25T09:36:39Z</time>
        <extensions>
          <gpxtpx:TrackPointExtension>
            <gpxtpx:hr>132</gpxtpx:hr>
          </gpxtpx:TrackPointExtension>
        </extensions>
      </trkpt>
      <trkpt lat="23.215943642017507" lon="113.37942934553024">
        <ele>52.3</ele>
        <time>2026-07-25T09:36:40Z</time>
        <extensions>
          <gpxtpx:TrackPointExtension>
            <gpxtpx:hr>132</gpxtpx:hr>
          </gpxtpx:TrackPointExtension>
        </extensions>
      </trkpt>
      <trkpt lat="23.21591165176492" lon="113.37943134635266">
        <ele>52.3</ele>
        <time>2026-07-25T09:36:41Z</time>
        <extensions>
          <gpxtpx:TrackPointExtension>
            <gpxtpx:hr>132</gpxtpx:hr>
          </gpxtpx:TrackPointExtension>
        </extensions>
      </trkpt>
      <trkpt lat="23.21588966017094" lon="113.37943034855803">
        <ele>52.3</ele>
        <time>2026-07-25T09:36:42Z</time>
        <extensions>
          <gpxtpx:TrackPointExtension>
            <gpxtpx:hr>132</gpxtpx:hr>
          </gpxtpx:TrackPointExtension>
        </extensions>
      </trkpt>
      <trkpt lat="23.215877678005683" lon="113.37941136251179">
        <ele>52.0</ele>
        <time>2026-07-25T09:36:44Z</time>
        <extensions>
          <gpxtpx:TrackPointExtension>
            <gpxtpx:hr>134</gpxtpx:hr>
          </gpxtpx:TrackPointExtension>
        </extensions>
      </trkpt>
      <trkpt lat="23.215859701547135" lon="113.37938738035554">
        <ele>52.0</ele>
        <time>2026-07-25T09:36:45Z</time>
        <extensions>
          <gpxtpx:TrackPointExtension>
            <gpxtpx:hr>134</gpxtpx:hr>
          </gpxtpx:TrackPointExtension>
        </extensions>
      </trkpt>
      <trkpt lat="23.21583871680082" lon="113.37937638942014">
        <ele>52.0</ele>
        <time>2026-07-25T09:36:46Z</time>
        <extensions>
          <gpxtpx:TrackPointExtension>
            <gpxtpx:hr>134</gpxtpx:hr>
          </gpxtpx:TrackPointExtension>
        </extensions>
      </trkpt>
      <trkpt lat="23.215813729137896" lon="113.3793713946063">
        <ele>52.0</ele>
        <time>2026-07-25T09:36:47Z</time>
        <extensions>
          <gpxtpx:TrackPointExtension>
            <gpxtpx:hr>134</gpxtpx:hr>
          </gpxtpx:TrackPointExtension>
        </extensions>
      </trkpt>
      <trkpt lat="23.215693786213805" lon="113.3793504174327">
        <ele>52.0</ele>
        <time>2026-07-25T09:36:52Z</time>
        <extensions>
          <gpxtpx:TrackPointExtension>
            <gpxtpx:hr>134</gpxtpx:hr>
          </gpxtpx:TrackPointExtension>
        </extensions>
      </trkpt>
      <trkpt lat="23.215656799871496" lon="113.37934942067436">
        <ele>52.7</ele>
        <time>2026-07-25T09:36:53Z</time>
        <extensions>
          <gpxtpx:TrackPointExtension>
            <gpxtpx:hr>134</gpxtpx:hr>
          </gpxtpx:TrackPointExtension>
        </extensions>
      </trkpt>
      <trkpt lat="23.21562480601722" lon="113.37935641802085">
        <ele>52.7</ele>
        <time>2026-07-25T09:36:54Z</time>
        <extensions>
          <gpxtpx:TrackPointExtension>
            <gpxtpx:hr>134</gpxtpx:hr>
          </gpxtpx:TrackPointExtension>
        </extensions>
      </trkpt>
      <trkpt lat="23.215590820068496" lon="113.37935342244324">
        <ele>52.7</ele>
        <time>2026-07-25T09:36:56Z</time>
        <extensions>
          <gpxtpx:TrackPointExtension>
            <gpxtpx:hr>134</gpxtpx:hr>
          </gpxtpx:TrackPointExtension>
        </extensions>
      </trkpt>
      <trkpt lat="23.215553840215755" lon="113.37934343193133">
        <ele>52.7</ele>
        <time>2026-07-25T09:36:57Z</time>
        <extensions>
          <gpxtpx:TrackPointExtension>
            <gpxtpx:hr>134</gpxtpx:hr>
          </gpxtpx:TrackPointExtension>
        </extensions>
      </trkpt>
      <trkpt lat="23.21551885101545" lon="113.37934543295287">
        <ele>53.0</ele>
        <time>2026-07-25T09:36:58Z</time>
        <extensions>
          <gpxtpx:TrackPointExtension>
            <gpxtpx:hr>136</gpxtpx:hr>
          </gpxtpx:TrackPointExtension>
        </extensions>
      </trkpt>
      <trkpt lat="23.215487852490924" lon="113.37935842606684">
        <ele>52.7</ele>
        <time>2026-07-25T09:37:00Z</time>
        <extensions>
          <gpxtpx:TrackPointExtension>
            <gpxtpx:hr>136</gpxtpx:hr>
          </gpxtpx:TrackPointExtension>
        </extensions>
      </trkpt>
      <trkpt lat="23.21546086049501" lon="113.37936042653881">
        <ele>52.7</ele>
        <time>2026-07-25T09:37:01Z</time>
        <extensions>
          <gpxtpx:TrackPointExtension>
            <gpxtpx:hr>136</gpxtpx:hr>
          </gpxtpx:TrackPointExtension>
        </extensions>
      </trkpt>
      <trkpt lat="23.215435872121986" lon="113.37935643103467">
        <ele>52.7</ele>
        <time>2026-07-25T09:37:02Z</time>
        <extensions>
          <gpxtpx:TrackPointExtension>
            <gpxtpx:hr>136</gpxtpx:hr>
          </gpxtpx:TrackPointExtension>
        </extensions>
      </trkpt>
      <trkpt lat="23.21540587829549" lon="113.37936242893893">
        <ele>53.5</ele>
        <time>2026-07-25T09:37:03Z</time>
        <extensions>
          <gpxtpx:TrackPointExtension>
            <gpxtpx:hr>137</gpxtpx:hr>
          </gpxtpx:TrackPointExtension>
        </extensions>
      </trkpt>
      <trkpt lat="23.215377882331463" lon="113.37937042532077">
        <ele>53.5</ele>
        <time>2026-07-25T09:37:04Z</time>
        <extensions>
          <gpxtpx:TrackPointExtension>
            <gpxtpx:hr>137</gpxtpx:hr>
          </gpxtpx:TrackPointExtension>
        </extensions>
      </trkpt>
      <trkpt lat="23.21534988780973" lon="113.37937642309095">
        <ele>53.5</ele>
        <time>2026-07-25T09:37:05Z</time>
        <extensions>
          <gpxtpx:TrackPointExtension>
            <gpxtpx:hr>137</gpxtpx:hr>
          </gpxtpx:TrackPointExtension>
        </extensions>
      </trkpt>
      <trkpt lat="23.215320895078833" lon="113.37938042231679">
        <ele>53.5</ele>
        <time>2026-07-25T09:37:06Z</time>
        <extensions>
          <gpxtpx:TrackPointExtension>
            <gpxtpx:hr>137</gpxtpx:hr>
          </gpxtpx:TrackPointExtension>
        </extensions>
      </trkpt>
      <trkpt lat="23.215290901260524" lon="113.37938642022726">
        <ele>53.5</ele>
        <time>2026-07-25T09:37:07Z</time>
        <extensions>
          <gpxtpx:TrackPointExtension>
            <gpxtpx:hr>137</gpxtpx:hr>
          </gpxtpx:TrackPointExtension>
        </extensions>
      </trkpt>
      <trkpt lat="23.215259903480728" lon="113.37939841405606">
        <ele>53.5</ele>
        <time>2026-07-25T09:37:08Z</time>
        <extensions>
          <gpxtpx:TrackPointExtension>
            <gpxtpx:hr>140</gpxtpx:hr>
          </gpxtpx:TrackPointExtension>
        </extensions>
      </trkpt>
      <trkpt lat="23.215225916098927" lon="113.37939741708905">
        <ele>53.5</ele>
        <time>2026-07-25T09:37:10Z</time>
        <extensions>
          <gpxtpx:TrackPointExtension>
            <gpxtpx:hr>140</gpxtpx:hr>
          </gpxtpx:TrackPointExtension>
        </extensions>
      </trkpt>
      <trkpt lat="23.21519093266297" lon="113.37939142365134">
        <ele>53.5</ele>
        <time>2026-07-25T09:37:11Z</time>
        <extensions>
          <gpxtpx:TrackPointExtension>
            <gpxtpx:hr>140</gpxtpx:hr>
          </gpxtpx:TrackPointExtension>
        </extensions>
      </trkpt>
      <trkpt lat="23.215156941688146" lon="113.37939542322403">
        <ele>53.5</ele>
        <time>2026-07-25T09:37:12Z</time>
        <extensions>
          <gpxtpx:TrackPointExtension>
            <gpxtpx:hr>140</gpxtpx:hr>
          </gpxtpx:TrackPointExtension>
        </extensions>
      </trkpt>
      <trkpt lat="23.21512494713992" lon="113.37940341989265">
        <ele>53.3</ele>
        <time>2026-07-25T09:37:13Z</time>
        <extensions>
          <gpxtpx:TrackPointExtension>
            <gpxtpx:hr>139</gpxtpx:hr>
          </gpxtpx:TrackPointExtension>
        </extensions>
      </trkpt>
      <trkpt lat="23.215095950826367" lon="113.3794124156662">
        <ele>53.3</ele>
        <time>2026-07-25T09:37:14Z</time>
        <extensions>
          <gpxtpx:TrackPointExtension>
            <gpxtpx:hr>139</gpxtpx:hr>
          </gpxtpx:TrackPointExtension>
        </extensions>
      </trkpt>
      <trkpt lat="23.215067955602382" lon="113.37941941275622">
        <ele>53.3</ele>
        <time>2026-07-25T09:37:15Z</time>
        <extensions>
          <gpxtpx:TrackPointExtension>
            <gpxtpx:hr>139</gpxtpx:hr>
          </gpxtpx:TrackPointExtension>
        </extensions>
      </trkpt>
      <trkpt lat="23.215039961816416" lon="113.3794244112298">
        <ele>53.3</ele>
        <time>2026-07-25T09:37:16Z</time>
        <extensions>
          <gpxtpx:TrackPointExtension>
            <gpxtpx:hr>139</gpxtpx:hr>
          </gpxtpx:TrackPointExtension>
        </extensions>
      </trkpt>
      <trkpt lat="23.215012966964267" lon="113.3794304089451">
        <ele>53.3</ele>
        <time>2026-07-25T09:37:17Z</time>
        <extensions>
          <gpxtpx:TrackPointExtension>
            <gpxtpx:hr>139</gpxtpx:hr>
          </gpxtpx:TrackPointExtension>
        </extensions>
      </trkpt>
      <trkpt lat="23.214960972263423" lon="113.37944840010346">
        <ele>53.3</ele>
        <time>2026-07-25T09:37:19Z</time>
        <extensions>
          <gpxtpx:TrackPointExtension>
            <gpxtpx:hr>139</gpxtpx:hr>
          </gpxtpx:TrackPointExtension>
        </extensions>
      </trkpt>
      <trkpt lat="23.214882977376384" lon="113.37947938411328">
        <ele>53.3</ele>
        <time>2026-07-25T09:37:22Z</time>
        <extensions>
          <gpxtpx:TrackPointExtension>
            <gpxtpx:hr>139</gpxtpx:hr>
          </gpxtpx:TrackPointExtension>
        </extensions>
      </trkpt>
      <trkpt lat="23.214856977897874" lon="113.37949137764592">
        <ele>54.1</ele>
        <time>2026-07-25T09:37:23Z</time>
        <extensions>
          <gpxtpx:TrackPointExtension>
            <gpxtpx:hr>141</gpxtpx:hr>
          </gpxtpx:TrackPointExtension>
        </extensions>
      </trkpt>
      <trkpt lat="23.21480997363646" lon="113.3795203609519">
        <ele>54.1</ele>
        <time>2026-07-25T09:37:25Z</time>
        <extensions>
          <gpxtpx:TrackPointExtension>
            <gpxtpx:hr>141</gpxtpx:hr>
          </gpxtpx:TrackPointExtension>
        </extensions>
      </trkpt>
      <trkpt lat="23.214784981680456" lon="113.37952136198668">
        <ele>54.1</ele>
        <time>2026-07-25T09:37:26Z</time>
        <extensions>
          <gpxtpx:TrackPointExtension>
            <gpxtpx:hr>141</gpxtpx:hr>
          </gpxtpx:TrackPointExtension>
        </extensions>
      </trkpt>
      <trkpt lat="23.214739997446213" lon="113.37952136508515">
        <ele>54.1</ele>
        <time>2026-07-25T09:37:28Z</time>
        <extensions>
          <gpxtpx:TrackPointExtension>
            <gpxtpx:hr>141</gpxtpx:hr>
          </gpxtpx:TrackPointExtension>
        </extensions>
      </trkpt>
      <trkpt lat="23.2146960085794" lon="113.37952736399608">
        <ele>54.1</ele>
        <time>2026-07-25T09:37:29Z</time>
        <extensions>
          <gpxtpx:TrackPointExtension>
            <gpxtpx:hr>141</gpxtpx:hr>
          </gpxtpx:TrackPointExtension>
        </extensions>
      </trkpt>
      <trkpt lat="23.21455003549794" lon="113.37956135073894">
        <ele>53.7</ele>
        <time>2026-07-25T09:37:34Z</time>
        <extensions>
          <gpxtpx:TrackPointExtension>
            <gpxtpx:hr>141</gpxtpx:hr>
          </gpxtpx:TrackPointExtension>
        </extensions>
      </trkpt>
      <trkpt lat="23.214523039975326" lon="113.37956834780512">
        <ele>53.7</ele>
        <time>2026-07-25T09:37:35Z</time>
        <extensions>
          <gpxtpx:TrackPointExtension>
            <gpxtpx:hr>141</gpxtpx:hr>
          </gpxtpx:TrackPointExtension>
        </extensions>
      </trkpt>
      <trkpt lat="23.2144730446886" lon="113.37958633893295">
        <ele>53.7</ele>
        <time>2026-07-25T09:37:37Z</time>
        <extensions>
          <gpxtpx:TrackPointExtension>
            <gpxtpx:hr>141</gpxtpx:hr>
          </gpxtpx:TrackPointExtension>
        </extensions>
      </trkpt>
      <trkpt lat="23.214422051188702" lon="113.3796023315097">
        <ele>53.7</ele>
        <time>2026-07-25T09:37:39Z</time>
        <extensions>
          <gpxtpx:TrackPointExtension>
            <gpxtpx:hr>141</gpxtpx:hr>
          </gpxtpx:TrackPointExtension>
        </extensions>
      </trkpt>
      <trkpt lat="23.214397052846692" lon="113.37961232640242">
        <ele>53.7</ele>
        <time>2026-07-25T09:37:40Z</time>
        <extensions>
          <gpxtpx:TrackPointExtension>
            <gpxtpx:hr>141</gpxtpx:hr>
          </gpxtpx:TrackPointExtension>
        </extensions>
      </trkpt>
      <trkpt lat="23.21434505332857" lon="113.37963731293014">
        <ele>53.7</ele>
        <time>2026-07-25T09:37:42Z</time>
        <extensions>
          <gpxtpx:TrackPointExtension>
            <gpxtpx:hr>141</gpxtpx:hr>
          </gpxtpx:TrackPointExtension>
        </extensions>
      </trkpt>
      <trkpt lat="23.214316054276853" lon="113.37965030607018">
        <ele>54.7</ele>
        <time>2026-07-25T09:37:43Z</time>
        <extensions>
          <gpxtpx:TrackPointExtension>
            <gpxtpx:hr>142</gpxtpx:hr>
          </gpxtpx:TrackPointExtension>
        </extensions>
      </trkpt>
      <trkpt lat="23.21428905169682" lon="113.37966729635836">
        <ele>54.7</ele>
        <time>2026-07-25T09:37:44Z</time>
        <extensions>
          <gpxtpx:TrackPointExtension>
            <gpxtpx:hr>142</gpxtpx:hr>
          </gpxtpx:TrackPointExtension>
        </extensions>
      </trkpt>
      <trkpt lat="23.2142560576045" lon="113.37967529318976">
        <ele>54.7</ele>
        <time>2026-07-25T09:37:46Z</time>
        <extensions>
          <gpxtpx:TrackPointExtension>
            <gpxtpx:hr>142</gpxtpx:hr>
          </gpxtpx:TrackPointExtension>
        </extensions>
      </trkpt>
      <trkpt lat="23.214222068821925" lon="113.37967629485092">
        <ele>54.7</ele>
        <time>2026-07-25T09:37:47Z</time>
        <extensions>
          <gpxtpx:TrackPointExtension>
            <gpxtpx:hr>142</gpxtpx:hr>
          </gpxtpx:TrackPointExtension>
        </extensions>
      </trkpt>
      <trkpt lat="23.214188077208373" lon="113.3796812937931">
        <ele>54.7</ele>
        <time>2026-07-25T09:37:48Z</time>
        <extensions>
          <gpxtpx:TrackPointExtension>
            <gpxtpx:hr>143</gpxtpx:hr>
          </gpxtpx:TrackPointExtension>
        </extensions>
      </trkpt>
      <trkpt lat="23.21415708383655" lon="113.37968729185036">
        <ele>54.7</ele>
        <time>2026-07-25T09:37:49Z</time>
        <extensions>
          <gpxtpx:TrackPointExtension>
            <gpxtpx:hr>143</gpxtpx:hr>
          </gpxtpx:TrackPointExtension>
        </extensions>
      </trkpt>
      <trkpt lat="23.214127091530955" lon="113.37969129119871">
        <ele>54.7</ele>
        <time>2026-07-25T09:37:50Z</time>
        <extensions>
          <gpxtpx:TrackPointExtension>
            <gpxtpx:hr>143</gpxtpx:hr>
          </gpxtpx:TrackPointExtension>
        </extensions>
      </trkpt>
      <trkpt lat="23.214097100641453" lon="113.37969329190597">
        <ele>54.7</ele>
        <time>2026-07-25T09:37:51Z</time>
        <extensions>
          <gpxtpx:TrackPointExtension>
            <gpxtpx:hr>143</gpxtpx:hr>
          </gpxtpx:TrackPointExtension>
        </extensions>
      </trkpt>
      <trkpt lat="23.21403812134349" lon="113.37969329596837">
        <ele>53.6</ele>
        <time>2026-07-25T09:37:53Z</time>
        <extensions>
          <gpxtpx:TrackPointExtension>
            <gpxtpx:hr>143</gpxtpx:hr>
          </gpxtpx:TrackPointExtension>
        </extensions>
      </trkpt>
      <trkpt lat="23.21400812974884" lon="113.37969629599674">
        <ele>53.6</ele>
        <time>2026-07-25T09:37:54Z</time>
        <extensions>
          <gpxtpx:TrackPointExtension>
            <gpxtpx:hr>143</gpxtpx:hr>
          </gpxtpx:TrackPointExtension>
        </extensions>
      </trkpt>
      <trkpt lat="23.21397913497579" lon="113.37970329324143">
        <ele>53.6</ele>
        <time>2026-07-25T09:37:55Z</time>
        <extensions>
          <gpxtpx:TrackPointExtension>
            <gpxtpx:hr>143</gpxtpx:hr>
          </gpxtpx:TrackPointExtension>
        </extensions>
      </trkpt>
      <trkpt lat="23.213954134561433" lon="113.37971628614316">
        <ele>53.6</ele>
        <time>2026-07-25T09:37:56Z</time>
        <extensions>
          <gpxtpx:TrackPointExtension>
            <gpxtpx:hr>143</gpxtpx:hr>
          </gpxtpx:TrackPointExtension>
        </extensions>
      </trkpt>
      <trkpt lat="23.213931136982804" lon="113.37972428230296">
        <ele>53.6</ele>
        <time>2026-07-25T09:37:57Z</time>
        <extensions>
          <gpxtpx:TrackPointExtension>
            <gpxtpx:hr>143</gpxtpx:hr>
          </gpxtpx:TrackPointExtension>
        </extensions>
      </trkpt>
      <trkpt lat="23.213893151733377" lon="113.37972228627511">
        <ele>53.6</ele>
        <time>2026-07-25T09:37:59Z</time>
        <extensions>
          <gpxtpx:TrackPointExtension>
            <gpxtpx:hr>143</gpxtpx:hr>
          </gpxtpx:TrackPointExtension>
        </extensions>
      </trkpt>
      <trkpt lat="23.213849164353846" lon="113.37972628659345">
        <ele>53.6</ele>
        <time>2026-07-25T09:38:00Z</time>
        <extensions>
          <gpxtpx:TrackPointExtension>
            <gpxtpx:hr>143</gpxtpx:hr>
          </gpxtpx:TrackPointExtension>
        </extensions>
      </trkpt>
      <trkpt lat="23.21378517623452" lon="113.37974128083917">
        <ele>53.6</ele>
        <time>2026-07-25T09:38:02Z</time>
        <extensions>
          <gpxtpx:TrackPointExtension>
            <gpxtpx:hr>143</gpxtpx:hr>
          </gpxtpx:TrackPointExtension>
        </extensions>
      </trkpt>
      <trkpt lat="23.213745186751634" lon="113.37974628020851">
        <ele>53.7</ele>
        <time>2026-07-25T09:38:04Z</time>
        <extensions>
          <gpxtpx:TrackPointExtension>
            <gpxtpx:hr>144</gpxtpx:hr>
          </gpxtpx:TrackPointExtension>
        </extensions>
      </trkpt>
      <trkpt lat="23.21371619764007" lon="113.37974528288214">
        <ele>53.7</ele>
        <time>2026-07-25T09:38:05Z</time>
        <extensions>
          <gpxtpx:TrackPointExtension>
            <gpxtpx:hr>144</gpxtpx:hr>
          </gpxtpx:TrackPointExtension>
        </extensions>
      </trkpt>
      <trkpt lat="23.213700206080578" lon="113.37974128669174">
        <ele>53.7</ele>
        <time>2026-07-25T09:38:06Z</time>
        <extensions>
          <gpxtpx:TrackPointExtension>
            <gpxtpx:hr>144</gpxtpx:hr>
          </gpxtpx:TrackPointExtension>
        </extensions>
      </trkpt>
      <trkpt lat="23.213674222974753" lon="113.3797302959323">
        <ele>53.7</ele>
        <time>2026-07-25T09:38:08Z</time>
        <extensions>
          <gpxtpx:TrackPointExtension>
            <gpxtpx:hr>144</gpxtpx:hr>
          </gpxtpx:TrackPointExtension>
        </extensions>
      </trkpt>
      <trkpt lat="23.21366122965837" lon="113.37972729886025">
        <ele>53.7</ele>
        <time>2026-07-25T09:38:09Z</time>
        <extensions>
          <gpxtpx:TrackPointExtension>
            <gpxtpx:hr>144</gpxtpx:hr>
          </gpxtpx:TrackPointExtension>
        </extensions>
      </trkpt>
      <trkpt lat="23.21365523388407" lon="113.37972430130658">
        <ele>53.7</ele>
        <time>2026-07-25T09:38:10Z</time>
        <extensions>
          <gpxtpx:TrackPointExtension>
            <gpxtpx:hr>144</gpxtpx:hr>
          </gpxtpx:TrackPointExtension>
        </extensions>
      </trkpt>
      <trkpt lat="23.213653238118116" lon="113.37971930483386">
        <ele>53.7</ele>
        <time>2026-07-25T09:38:12Z</time>
        <extensions>
          <gpxtpx:TrackPointExtension>
            <gpxtpx:hr>144</gpxtpx:hr>
          </gpxtpx:TrackPointExtension>
        </extensions>
      </trkpt>
      <trkpt lat="23.21364724375794" lon="113.37971430863762">
        <ele>53.3</ele>
        <time>2026-07-25T09:38:13Z</time>
        <extensions>
          <gpxtpx:TrackPointExtension>
            <gpxtpx:hr>143</gpxtpx:hr>
          </gpxtpx:TrackPointExtension>
        </extensions>
      </trkpt>
      <trkpt lat="23.213641247278492" lon="113.3797123104073">
        <ele>53.3</ele>
        <time>2026-07-25T09:38:14Z</time>
        <extensions>
          <gpxtpx:TrackPointExtension>
            <gpxtpx:hr>143</gpxtpx:hr>
          </gpxtpx:TrackPointExtension>
        </extensions>
      </trkpt>
      <trkpt lat="23.21362825113757" lon="113.37971331062408">
        <ele>53.3</ele>
        <time>2026-07-25T09:38:16Z</time>
        <extensions>
          <gpxtpx:TrackPointExtension>
            <gpxtpx:hr>143</gpxtpx:hr>
          </gpxtpx:TrackPointExtension>
        </extensions>
      </trkpt>
      <trkpt lat="23.213605253563735" lon="113.37972130678286">
        <ele>53.3</ele>
        <time>2026-07-25T09:38:20Z</time>
        <extensions>
          <gpxtpx:TrackPointExtension>
            <gpxtpx:hr>143</gpxtpx:hr>
          </gpxtpx:TrackPointExtension>
        </extensions>
      </trkpt>
      <trkpt lat="23.213585259175964" lon="113.37972330680414">
        <ele>53.7</ele>
        <time>2026-07-25T09:38:29Z</time>
        <extensions>
          <gpxtpx:TrackPointExtension>
            <gpxtpx:hr>139</gpxtpx:hr>
          </gpxtpx:TrackPointExtension>
        </extensions>
      </trkpt>
      <trkpt lat="23.21355827007262" lon="113.37972131001895">
        <ele>53.7</ele>
        <time>2026-07-25T09:38:32Z</time>
        <extensions>
          <gpxtpx:TrackPointExtension>
            <gpxtpx:hr>139</gpxtpx:hr>
          </gpxtpx:TrackPointExtension>
        </extensions>
      </trkpt>
      <trkpt lat="23.21352328660636" lon="113.37971531649718">
        <ele>53.7</ele>
        <time>2026-07-25T09:38:34Z</time>
        <extensions>
          <gpxtpx:TrackPointExtension>
            <gpxtpx:hr>137</gpxtpx:hr>
          </gpxtpx:TrackPointExtension>
        </extensions>
      </trkpt>
      <trkpt lat="23.2135032929259" lon="113.37971631719608">
        <ele>53.7</ele>
        <time>2026-07-25T09:38:35Z</time>
        <extensions>
          <gpxtpx:TrackPointExtension>
            <gpxtpx:hr>137</gpxtpx:hr>
          </gpxtpx:TrackPointExtension>
        </extensions>
      </trkpt>
      <trkpt lat="23.213483298539295" lon="113.37971831721691">
        <ele>53.7</ele>
        <time>2026-07-25T09:38:36Z</time>
        <extensions>
          <gpxtpx:TrackPointExtension>
            <gpxtpx:hr>137</gpxtpx:hr>
          </gpxtpx:TrackPointExtension>
        </extensions>
      </trkpt>
      <trkpt lat="23.21346230591735" lon="113.37971831866282">
        <ele>53.7</ele>
        <time>2026-07-25T09:38:37Z</time>
        <extensions>
          <gpxtpx:TrackPointExtension>
            <gpxtpx:hr>137</gpxtpx:hr>
          </gpxtpx:TrackPointExtension>
        </extensions>
      </trkpt>
      <trkpt lat="23.21340732877523" lon="113.37971332584058">
        <ele>53.7</ele>
        <time>2026-07-25T09:38:40Z</time>
        <extensions>
          <gpxtpx:TrackPointExtension>
            <gpxtpx:hr>134</gpxtpx:hr>
          </gpxtpx:TrackPointExtension>
        </extensions>
      </trkpt>
      <trkpt lat="23.213375341433366" lon="113.37971132940051">
        <ele>53.7</ele>
        <time>2026-07-25T09:38:41Z</time>
        <extensions>
          <gpxtpx:TrackPointExtension>
            <gpxtpx:hr>134</gpxtpx:hr>
          </gpxtpx:TrackPointExtension>
        </extensions>
      </trkpt>
      <trkpt lat="23.213352349515997" lon="113.37971133098412">
        <ele>53.7</ele>
        <time>2026-07-25T09:38:42Z</time>
        <extensions>
          <gpxtpx:TrackPointExtension>
            <gpxtpx:hr>134</gpxtpx:hr>
          </gpxtpx:TrackPointExtension>
        </extensions>
      </trkpt>
      <trkpt lat="23.213326359360135" lon="113.37971033345266">
        <ele>53.9</ele>
        <time>2026-07-25T09:38:43Z</time>
        <extensions>
          <gpxtpx:TrackPointExtension>
            <gpxtpx:hr>133</gpxtpx:hr>
          </gpxtpx:TrackPointExtension>
        </extensions>
      </trkpt>
      <trkpt lat="23.213271381518307" lon="113.37970633995351">
        <ele>53.9</ele>
        <time>2026-07-25T09:38:45Z</time>
        <extensions>
          <gpxtpx:TrackPointExtension>
            <gpxtpx:hr>133</gpxtpx:hr>
          </gpxtpx:TrackPointExtension>
        </extensions>
      </trkpt>
      <trkpt lat="23.21323739771166" lon="113.37970034636675">
        <ele>53.9</ele>
        <time>2026-07-25T09:38:46Z</time>
        <extensions>
          <gpxtpx:TrackPointExtension>
            <gpxtpx:hr>133</gpxtpx:hr>
          </gpxtpx:TrackPointExtension>
        </extensions>
      </trkpt>
      <trkpt lat="23.21321041427639" lon="113.37969035501632">
        <ele>53.9</ele>
        <time>2026-07-25T09:38:47Z</time>
        <extensions>
          <gpxtpx:TrackPointExtension>
            <gpxtpx:hr>133</gpxtpx:hr>
          </gpxtpx:TrackPointExtension>
        </extensions>
      </trkpt>
      <trkpt lat="23.213193429453984" lon="113.379677365021">
        <ele>53.9</ele>
        <time>2026-07-25T09:38:48Z</time>
        <extensions>
          <gpxtpx:TrackPointExtension>
            <gpxtpx:hr>131</gpxtpx:hr>
          </gpxtpx:TrackPointExtension>
        </extensions>
      </trkpt>
      <trkpt lat="23.213183434385687" lon="113.37967536706925">
        <ele>53.9</ele>
        <time>2026-07-25T09:38:49Z</time>
        <extensions>
          <gpxtpx:TrackPointExtension>
            <gpxtpx:hr>131</gpxtpx:hr>
          </gpxtpx:TrackPointExtension>
        </extensions>
      </trkpt>
      <trkpt lat="23.2131714258644" lon="113.37969335566392">
        <ele>53.9</ele>
        <time>2026-07-25T09:38:50Z</time>
        <extensions>
          <gpxtpx:TrackPointExtension>
            <gpxtpx:hr>131</gpxtpx:hr>
          </gpxtpx:TrackPointExtension>
        </extensions>
      </trkpt>
      <trkpt lat="23.21314842405035" lon="113.37970734774376">
        <ele>53.9</ele>
        <time>2026-07-25T09:38:51Z</time>
        <extensions>
          <gpxtpx:TrackPointExtension>
            <gpxtpx:hr>131</gpxtpx:hr>
          </gpxtpx:TrackPointExtension>
        </extensions>
      </trkpt>
      <trkpt lat="23.213117432122534" lon="113.37971134716436">
        <ele>53.9</ele>
        <time>2026-07-25T09:38:52Z</time>
        <extensions>
          <gpxtpx:TrackPointExtension>
            <gpxtpx:hr>131</gpxtpx:hr>
          </gpxtpx:TrackPointExtension>
        </extensions>
      </trkpt>
      <trkpt lat="23.213088442319446" lon="113.37971134916107">
        <ele>54.3</ele>
        <time>2026-07-25T09:38:53Z</time>
        <extensions>
          <gpxtpx:TrackPointExtension>
            <gpxtpx:hr>131</gpxtpx:hr>
          </gpxtpx:TrackPointExtension>
        </extensions>
      </trkpt>
      <trkpt lat="23.21306245075533" lon="113.37971235027287">
        <ele>54.3</ele>
        <time>2026-07-25T09:38:54Z</time>
        <extensions>
          <gpxtpx:TrackPointExtension>
            <gpxtpx:hr>131</gpxtpx:hr>
          </gpxtpx:TrackPointExtension>
        </extensions>
      </trkpt>
      <trkpt lat="23.2130354588368" lon="113.3797143507753">
        <ele>54.3</ele>
        <time>2026-07-25T09:38:55Z</time>
        <extensions>
          <gpxtpx:TrackPointExtension>
            <gpxtpx:hr>131</gpxtpx:hr>
          </gpxtpx:TrackPointExtension>
        </extensions>
      </trkpt>
      <trkpt lat="23.213011463038047" lon="113.37972034835911">
        <ele>54.3</ele>
        <time>2026-07-25T09:38:56Z</time>
        <extensions>
          <gpxtpx:TrackPointExtension>
            <gpxtpx:hr>131</gpxtpx:hr>
          </gpxtpx:TrackPointExtension>
        </extensions>
      </trkpt>
      <trkpt lat="23.21298647536289" lon="113.37971535347081">
        <ele>54.3</ele>
        <time>2026-07-25T09:38:58Z</time>
        <extensions>
          <gpxtpx:TrackPointExtension>
            <gpxtpx:hr>131</gpxtpx:hr>
          </gpxtpx:TrackPointExtension>
        </extensions>
      </trkpt>
      <trkpt lat="23.212959494755165" lon="113.3797013648287">
        <ele>54.3</ele>
        <time>2026-07-25T09:38:59Z</time>
        <extensions>
          <gpxtpx:TrackPointExtension>
            <gpxtpx:hr>131</gpxtpx:hr>
          </gpxtpx:TrackPointExtension>
        </extensions>
      </trkpt>
      <trkpt lat="23.212926512728227" lon="113.3796923732117">
        <ele>54.3</ele>
        <time>2026-07-25T09:39:00Z</time>
        <extensions>
          <gpxtpx:TrackPointExtension>
            <gpxtpx:hr>131</gpxtpx:hr>
          </gpxtpx:TrackPointExtension>
        </extensions>
      </trkpt>
      <trkpt lat="23.212855544781153" lon="113.37968238489412">
        <ele>54.3</ele>
        <time>2026-07-25T09:39:02Z</time>
        <extensions>
          <gpxtpx:TrackPointExtension>
            <gpxtpx:hr>131</gpxtpx:hr>
          </gpxtpx:TrackPointExtension>
        </extensions>
      </trkpt>
      <trkpt lat="23.212811565217283" lon="113.37967539268192">
        <ele>55.5</ele>
        <time>2026-07-25T09:39:03Z</time>
        <extensions>
          <gpxtpx:TrackPointExtension>
            <gpxtpx:hr>132</gpxtpx:hr>
          </gpxtpx:TrackPointExtension>
        </extensions>
      </trkpt>
      <trkpt lat="23.212770583184444" lon="113.37967039890493">
        <ele>55.5</ele>
        <time>2026-07-25T09:39:04Z</time>
        <extensions>
          <gpxtpx:TrackPointExtension>
            <gpxtpx:hr>132</gpxtpx:hr>
          </gpxtpx:TrackPointExtension>
        </extensions>
      </trkpt>
      <trkpt lat="23.212730601510476" lon="113.37966440574053">
        <ele>55.5</ele>
        <time>2026-07-25T09:39:05Z</time>
        <extensions>
          <gpxtpx:TrackPointExtension>
            <gpxtpx:hr>132</gpxtpx:hr>
          </gpxtpx:TrackPointExtension>
        </extensions>
      </trkpt>
      <trkpt lat="23.21264063743662" lon="113.37965841602019">
        <ele>55.5</ele>
        <time>2026-07-25T09:39:08Z</time>
        <extensions>
          <gpxtpx:TrackPointExtension>
            <gpxtpx:hr>133</gpxtpx:hr>
          </gpxtpx:TrackPointExtension>
        </extensions>
      </trkpt>
      <trkpt lat="23.212618646597768" lon="113.3796564188963">
        <ele>55.5</ele>
        <time>2026-07-25T09:39:09Z</time>
        <extensions>
          <gpxtpx:TrackPointExtension>
            <gpxtpx:hr>133</gpxtpx:hr>
          </gpxtpx:TrackPointExtension>
        </extensions>
      </trkpt>
      <trkpt lat="23.212597654698516" lon="113.3796554210229">
        <ele>55.5</ele>
        <time>2026-07-25T09:39:10Z</time>
        <extensions>
          <gpxtpx:TrackPointExtension>
            <gpxtpx:hr>133</gpxtpx:hr>
          </gpxtpx:TrackPointExtension>
        </extensions>
      </trkpt>
      <trkpt lat="23.212580662809525" lon="113.37965242423589">
        <ele>55.5</ele>
        <time>2026-07-25T09:39:11Z</time>
        <extensions>
          <gpxtpx:TrackPointExtension>
            <gpxtpx:hr>133</gpxtpx:hr>
          </gpxtpx:TrackPointExtension>
        </extensions>
      </trkpt>
      <trkpt lat="23.212567662423627" lon="113.37965942036564">
        <ele>55.5</ele>
        <time>2026-07-25T09:39:12Z</time>
        <extensions>
          <gpxtpx:TrackPointExtension>
            <gpxtpx:hr>133</gpxtpx:hr>
          </gpxtpx:TrackPointExtension>
        </extensions>
      </trkpt>
      <trkpt lat="23.212550652825136" lon="113.37968140657316">
        <ele>56.5</ele>
        <time>2026-07-25T09:39:13Z</time>
        <extensions>
          <gpxtpx:TrackPointExtension>
            <gpxtpx:hr>135</gpxtpx:hr>
          </gpxtpx:TrackPointExtension>
        </extensions>
      </trkpt>
      <trkpt lat="23.21252464924253" lon="113.37969939613644">
        <ele>56.5</ele>
        <time>2026-07-25T09:39:14Z</time>
        <extensions>
          <gpxtpx:TrackPointExtension>
            <gpxtpx:hr>135</gpxtpx:hr>
          </gpxtpx:TrackPointExtension>
        </extensions>
      </trkpt>
      <trkpt lat="23.212489652374668" lon="113.37971238972442">
        <ele>56.5</ele>
        <time>2026-07-25T09:39:16Z</time>
        <extensions>
          <gpxtpx:TrackPointExtension>
            <gpxtpx:hr>135</gpxtpx:hr>
          </gpxtpx:TrackPointExtension>
        </extensions>
      </trkpt>
      <trkpt lat="23.212455651631668" lon="113.37973037986262">
        <ele>56.5</ele>
        <time>2026-07-25T09:39:17Z</time>
        <extensions>
          <gpxtpx:TrackPointExtension>
            <gpxtpx:hr>135</gpxtpx:hr>
          </gpxtpx:TrackPointExtension>
        </extensions>
      </trkpt>
      <trkpt lat="23.212076595924863" lon="113.38000022459947">
        <ele>59.1</ele>
        <time>2026-07-25T09:39:34Z</time>
        <extensions>
          <gpxtpx:TrackPointExtension>
            <gpxtpx:hr>139</gpxtpx:hr>
          </gpxtpx:TrackPointExtension>
        </extensions>
      </trkpt>
      <trkpt lat="23.21194658691501" lon="113.38007918108374">
        <ele>59.1</ele>
        <time>2026-07-25T09:39:39Z</time>
        <extensions>
          <gpxtpx:TrackPointExtension>
            <gpxtpx:hr>143</gpxtpx:hr>
          </gpxtpx:TrackPointExtension>
        </extensions>
      </trkpt>
      <trkpt lat="23.211851575475457" lon="113.38014414465924">
        <ele>59.9</ele>
        <time>2026-07-25T09:39:43Z</time>
        <extensions>
          <gpxtpx:TrackPointExtension>
            <gpxtpx:hr>145</gpxtpx:hr>
          </gpxtpx:TrackPointExtension>
        </extensions>
      </trkpt>
      <trkpt lat="23.211709571161155" lon="113.38022310246377">
        <ele>59.9</ele>
        <time>2026-07-25T09:39:49Z</time>
        <extensions>
          <gpxtpx:TrackPointExtension>
            <gpxtpx:hr>146</gpxtpx:hr>
          </gpxtpx:TrackPointExtension>
        </extensions>
      </trkpt>
      <trkpt lat="23.21165357237992" lon="113.38025008861895">
        <ele>59.9</ele>
        <time>2026-07-25T09:39:52Z</time>
        <extensions>
          <gpxtpx:TrackPointExtension>
            <gpxtpx:hr>146</gpxtpx:hr>
          </gpxtpx:TrackPointExtension>
        </extensions>
      </trkpt>
      <trkpt lat="23.211620574421854" lon="113.38026408172547">
        <ele>60.4</ele>
        <time>2026-07-25T09:39:53Z</time>
        <extensions>
          <gpxtpx:TrackPointExtension>
            <gpxtpx:hr>146</gpxtpx:hr>
          </gpxtpx:TrackPointExtension>
        </extensions>
      </trkpt>
      <trkpt lat="23.211601580438806" lon="113.38026508237928">
        <ele>60.4</ele>
        <time>2026-07-25T09:39:54Z</time>
        <extensions>
          <gpxtpx:TrackPointExtension>
            <gpxtpx:hr>146</gpxtpx:hr>
          </gpxtpx:TrackPointExtension>
        </extensions>
      </trkpt>
      <trkpt lat="23.211582590568163" lon="113.38026008695967">
        <ele>60.4</ele>
        <time>2026-07-25T09:39:55Z</time>
        <extensions>
          <gpxtpx:TrackPointExtension>
            <gpxtpx:hr>146</gpxtpx:hr>
          </gpxtpx:TrackPointExtension>
        </extensions>
      </trkpt>
      <trkpt lat="23.211558601091465" lon="113.38025709057594">
        <ele>60.4</ele>
        <time>2026-07-25T09:39:56Z</time>
        <extensions>
          <gpxtpx:TrackPointExtension>
            <gpxtpx:hr>146</gpxtpx:hr>
          </gpxtpx:TrackPointExtension>
        </extensions>
      </trkpt>
      <trkpt lat="23.21153261369264" lon="113.38025209564002">
        <ele>60.4</ele>
        <time>2026-07-25T09:39:57Z</time>
        <extensions>
          <gpxtpx:TrackPointExtension>
            <gpxtpx:hr>146</gpxtpx:hr>
          </gpxtpx:TrackPointExtension>
        </extensions>
      </trkpt>
      <trkpt lat="23.211505625962175" lon="113.38024810011892">
        <ele>60.4</ele>
        <time>2026-07-25T09:39:58Z</time>
        <extensions>
          <gpxtpx:TrackPointExtension>
            <gpxtpx:hr>146</gpxtpx:hr>
          </gpxtpx:TrackPointExtension>
        </extensions>
      </trkpt>
      <trkpt lat="23.211475638605364" lon="113.38024510414986">
        <ele>60.4</ele>
        <time>2026-07-25T09:39:59Z</time>
        <extensions>
          <gpxtpx:TrackPointExtension>
            <gpxtpx:hr>146</gpxtpx:hr>
          </gpxtpx:TrackPointExtension>
        </extensions>
      </trkpt>
      <trkpt lat="23.21144564919127" lon="113.38024510621537">
        <ele>60.4</ele>
        <time>2026-07-25T09:40:00Z</time>
        <extensions>
          <gpxtpx:TrackPointExtension>
            <gpxtpx:hr>146</gpxtpx:hr>
          </gpxtpx:TrackPointExtension>
        </extensions>
      </trkpt>
      <trkpt lat="23.21141565771988" lon="113.38024810631546">
        <ele>60.4</ele>
        <time>2026-07-25T09:40:01Z</time>
        <extensions>
          <gpxtpx:TrackPointExtension>
            <gpxtpx:hr>146</gpxtpx:hr>
          </gpxtpx:TrackPointExtension>
        </extensions>
      </trkpt>
      <trkpt lat="23.211387664857888" lon="113.38025210562334">
        <ele>60.4</ele>
        <time>2026-07-25T09:40:02Z</time>
        <extensions>
          <gpxtpx:TrackPointExtension>
            <gpxtpx:hr>146</gpxtpx:hr>
          </gpxtpx:TrackPointExtension>
        </extensions>
      </trkpt>
      <trkpt lat="23.21136267025269" lon="113.38025710407065">
        <ele>60.7</ele>
        <time>2026-07-25T09:40:03Z</time>
        <extensions>
          <gpxtpx:TrackPointExtension>
            <gpxtpx:hr>145</gpxtpx:hr>
          </gpxtpx:TrackPointExtension>
        </extensions>
      </trkpt>
      <trkpt lat="23.211314678970368" lon="113.38026909952244">
        <ele>60.7</ele>
        <time>2026-07-25T09:40:05Z</time>
        <extensions>
          <gpxtpx:TrackPointExtension>
            <gpxtpx:hr>145</gpxtpx:hr>
          </gpxtpx:TrackPointExtension>
        </extensions>
      </trkpt>
      <trkpt lat="23.21126469114031" lon="113.38027709773306">
        <ele>60.7</ele>
        <time>2026-07-25T09:40:07Z</time>
        <extensions>
          <gpxtpx:TrackPointExtension>
            <gpxtpx:hr>145</gpxtpx:hr>
          </gpxtpx:TrackPointExtension>
        </extensions>
      </trkpt>
      <trkpt lat="23.211233700714494" lon="113.3802790985599">
        <ele>60.7</ele>
        <time>2026-07-25T09:40:08Z</time>
        <extensions>
          <gpxtpx:TrackPointExtension>
            <gpxtpx:hr>145</gpxtpx:hr>
          </gpxtpx:TrackPointExtension>
        </extensions>
      </trkpt>
      <trkpt lat="23.21120271302847" lon="113.38027710200177">
        <ele>60.7</ele>
        <time>2026-07-25T09:40:10Z</time>
        <extensions>
          <gpxtpx:TrackPointExtension>
            <gpxtpx:hr>145</gpxtpx:hr>
          </gpxtpx:TrackPointExtension>
        </extensions>
      </trkpt>
      <trkpt lat="23.211174716752726" lon="113.38028609804705">
        <ele>60.7</ele>
        <time>2026-07-25T09:40:11Z</time>
        <extensions>
          <gpxtpx:TrackPointExtension>
            <gpxtpx:hr>145</gpxtpx:hr>
          </gpxtpx:TrackPointExtension>
        </extensions>
      </trkpt>
      <trkpt lat="23.211149713949833" lon="113.38030308866648">
        <ele>60.7</ele>
        <time>2026-07-25T09:40:12Z</time>
        <extensions>
          <gpxtpx:TrackPointExtension>
            <gpxtpx:hr>145</gpxtpx:hr>
          </gpxtpx:TrackPointExtension>
        </extensions>
      </trkpt>
      <trkpt lat="23.211041727497452" lon="113.38033907263404">
        <ele>60.3</ele>
        <time>2026-07-25T09:40:16Z</time>
        <extensions>
          <gpxtpx:TrackPointExtension>
            <gpxtpx:hr>145</gpxtpx:hr>
          </gpxtpx:TrackPointExtension>
        </extensions>
      </trkpt>
      <trkpt lat="23.211016732233514" lon="113.38034507044941">
        <ele>60.3</ele>
        <time>2026-07-25T09:40:17Z</time>
        <extensions>
          <gpxtpx:TrackPointExtension>
            <gpxtpx:hr>145</gpxtpx:hr>
          </gpxtpx:TrackPointExtension>
        </extensions>
      </trkpt>
      <trkpt lat="23.21095474595015" lon="113.38035706691105">
        <ele>60.3</ele>
        <time>2026-07-25T09:40:20Z</time>
        <extensions>
          <gpxtpx:TrackPointExtension>
            <gpxtpx:hr>146</gpxtpx:hr>
          </gpxtpx:TrackPointExtension>
        </extensions>
      </trkpt>
      <trkpt lat="23.210933749279004" lon="113.38036306445571">
        <ele>60.3</ele>
        <time>2026-07-25T09:40:21Z</time>
        <extensions>
          <gpxtpx:TrackPointExtension>
            <gpxtpx:hr>146</gpxtpx:hr>
          </gpxtpx:TrackPointExtension>
        </extensions>
      </trkpt>
      <trkpt lat="23.210912751247214" lon="113.38037106070242">
        <ele>60.3</ele>
        <time>2026-07-25T09:40:22Z</time>
        <extensions>
          <gpxtpx:TrackPointExtension>
            <gpxtpx:hr>146</gpxtpx:hr>
          </gpxtpx:TrackPointExtension>
        </extensions>
      </trkpt>
      <trkpt lat="23.210892752184137" lon="113.38038005623372">
        <ele>59.5</ele>
        <time>2026-07-25T09:40:23Z</time>
        <extensions>
          <gpxtpx:TrackPointExtension>
            <gpxtpx:hr>146</gpxtpx:hr>
          </gpxtpx:TrackPointExtension>
        </extensions>
      </trkpt>
      <trkpt lat="23.210775765644417" lon="113.38042103770339">
        <ele>59.5</ele>
        <time>2026-07-25T09:40:29Z</time>
        <extensions>
          <gpxtpx:TrackPointExtension>
            <gpxtpx:hr>146</gpxtpx:hr>
          </gpxtpx:TrackPointExtension>
        </extensions>
      </trkpt>
      <trkpt lat="23.21075476967004" lon="113.38042603591207">
        <ele>59.5</ele>
        <time>2026-07-25T09:40:30Z</time>
        <extensions>
          <gpxtpx:TrackPointExtension>
            <gpxtpx:hr>146</gpxtpx:hr>
          </gpxtpx:TrackPointExtension>
        </extensions>
      </trkpt>
      <trkpt lat="23.210596784168935" lon="113.38048700738477">
        <ele>59.3</ele>
        <time>2026-07-25T09:40:37Z</time>
        <extensions>
          <gpxtpx:TrackPointExtension>
            <gpxtpx:hr>146</gpxtpx:hr>
          </gpxtpx:TrackPointExtension>
        </extensions>
      </trkpt>
      <trkpt lat="23.21057478450584" lon="113.3804980018108">
        <ele>59.3</ele>
        <time>2026-07-25T09:40:38Z</time>
        <extensions>
          <gpxtpx:TrackPointExtension>
            <gpxtpx:hr>145</gpxtpx:hr>
          </gpxtpx:TrackPointExtension>
        </extensions>
      </trkpt>
      <trkpt lat="23.210552783496347" lon="113.38051099495479">
        <ele>59.3</ele>
        <time>2026-07-25T09:40:39Z</time>
        <extensions>
          <gpxtpx:TrackPointExtension>
            <gpxtpx:hr>145</gpxtpx:hr>
          </gpxtpx:TrackPointExtension>
        </extensions>
      </trkpt>
      <trkpt lat="23.210509777097226" lon="113.38054297734193">
        <ele>59.3</ele>
        <time>2026-07-25T09:40:41Z</time>
        <extensions>
          <gpxtpx:TrackPointExtension>
            <gpxtpx:hr>145</gpxtpx:hr>
          </gpxtpx:TrackPointExtension>
        </extensions>
      </trkpt>
      <trkpt lat="23.210500774211" lon="113.38055197218335">
        <ele>59.3</ele>
        <time>2026-07-25T09:40:42Z</time>
        <extensions>
          <gpxtpx:TrackPointExtension>
            <gpxtpx:hr>145</gpxtpx:hr>
          </gpxtpx:TrackPointExtension>
        </extensions>
      </trkpt>
      <trkpt lat="23.210494774984415" lon="113.38055397131289">
        <ele>57.8</ele>
        <time>2026-07-25T09:40:43Z</time>
        <extensions>
          <gpxtpx:TrackPointExtension>
            <gpxtpx:hr>143</gpxtpx:hr>
          </gpxtpx:TrackPointExtension>
        </extensions>
      </trkpt>
      <trkpt lat="23.210473783084055" lon="113.38055297340048">
        <ele>57.8</ele>
        <time>2026-07-25T09:40:45Z</time>
        <extensions>
          <gpxtpx:TrackPointExtension>
            <gpxtpx:hr>143</gpxtpx:hr>
          </gpxtpx:TrackPointExtension>
        </extensions>
      </trkpt>
      <trkpt lat="23.210446787240496" lon="113.38056097012655">
        <ele>57.8</ele>
        <time>2026-07-25T09:40:46Z</time>
        <extensions>
          <gpxtpx:TrackPointExtension>
            <gpxtpx:hr>143</gpxtpx:hr>
          </gpxtpx:TrackPointExtension>
        </extensions>
      </trkpt>
      <trkpt lat="23.2104247815533" lon="113.38058095882126">
        <ele>57.8</ele>
        <time>2026-07-25T09:40:47Z</time>
        <extensions>
          <gpxtpx:TrackPointExtension>
            <gpxtpx:hr>143</gpxtpx:hr>
          </gpxtpx:TrackPointExtension>
        </extensions>
      </trkpt>
      <trkpt lat="23.210369759355725" lon="113.38064292297699">
        <ele>57.8</ele>
        <time>2026-07-25T09:40:50Z</time>
        <extensions>
          <gpxtpx:TrackPointExtension>
            <gpxtpx:hr>144</gpxtpx:hr>
          </gpxtpx:TrackPointExtension>
        </extensions>
      </trkpt>
      <trkpt lat="23.21036275445784" lon="113.38065391644516">
        <ele>57.8</ele>
        <time>2026-07-25T09:40:51Z</time>
        <extensions>
          <gpxtpx:TrackPointExtension>
            <gpxtpx:hr>144</gpxtpx:hr>
          </gpxtpx:TrackPointExtension>
        </extensions>
      </trkpt>
      <trkpt lat="23.210348754719696" lon="113.3806609129485">
        <ele>57.8</ele>
        <time>2026-07-25T09:40:52Z</time>
        <extensions>
          <gpxtpx:TrackPointExtension>
            <gpxtpx:hr>144</gpxtpx:hr>
          </gpxtpx:TrackPointExtension>
        </extensions>
      </trkpt>
      <trkpt lat="23.210313759064345" lon="113.38067290771654">
        <ele>55.4</ele>
        <time>2026-07-25T09:40:54Z</time>
        <extensions>
          <gpxtpx:TrackPointExtension>
            <gpxtpx:hr>143</gpxtpx:hr>
          </gpxtpx:TrackPointExtension>
        </extensions>
      </trkpt>
      <trkpt lat="23.21027475881193" lon="113.38069389704384">
        <ele>55.4</ele>
        <time>2026-07-25T09:40:55Z</time>
        <extensions>
          <gpxtpx:TrackPointExtension>
            <gpxtpx:hr>143</gpxtpx:hr>
          </gpxtpx:TrackPointExtension>
        </extensions>
      </trkpt>
      <trkpt lat="23.210219753559706" lon="113.38073087734223">
        <ele>55.4</ele>
        <time>2026-07-25T09:40:57Z</time>
        <extensions>
          <gpxtpx:TrackPointExtension>
            <gpxtpx:hr>143</gpxtpx:hr>
          </gpxtpx:TrackPointExtension>
        </extensions>
      </trkpt>
      <trkpt lat="23.210188755192036" lon="113.38074487060469">
        <ele>55.4</ele>
        <time>2026-07-25T09:40:58Z</time>
        <extensions>
          <gpxtpx:TrackPointExtension>
            <gpxtpx:hr>143</gpxtpx:hr>
          </gpxtpx:TrackPointExtension>
        </extensions>
      </trkpt>
      <trkpt lat="23.210157760163344" lon="113.38075386704021">
        <ele>55.4</ele>
        <time>2026-07-25T09:40:59Z</time>
        <extensions>
          <gpxtpx:TrackPointExtension>
            <gpxtpx:hr>143</gpxtpx:hr>
          </gpxtpx:TrackPointExtension>
        </extensions>
      </trkpt>
      <trkpt lat="23.21005877988506" lon="113.38077685930875">
        <ele>55.4</ele>
        <time>2026-07-25T09:41:02Z</time>
        <extensions>
          <gpxtpx:TrackPointExtension>
            <gpxtpx:hr>143</gpxtpx:hr>
          </gpxtpx:TrackPointExtension>
        </extensions>
      </trkpt>
      <trkpt lat="23.21001378716637" lon="113.38078985419467">
        <ele>52.9</ele>
        <time>2026-07-25T09:41:04Z</time>
        <extensions>
          <gpxtpx:TrackPointExtension>
            <gpxtpx:hr>142</gpxtpx:hr>
          </gpxtpx:TrackPointExtension>
        </extensions>
      </trkpt>
      <trkpt lat="23.20997179140112" lon="113.38080584698905">
        <ele>52.9</ele>
        <time>2026-07-25T09:41:05Z</time>
        <extensions>
          <gpxtpx:TrackPointExtension>
            <gpxtpx:hr>142</gpxtpx:hr>
          </gpxtpx:TrackPointExtension>
        </extensions>
      </trkpt>
      <trkpt lat="23.20994579197388" lon="113.38081884058333">
        <ele>52.9</ele>
        <time>2026-07-25T09:41:06Z</time>
        <extensions>
          <gpxtpx:TrackPointExtension>
            <gpxtpx:hr>142</gpxtpx:hr>
          </gpxtpx:TrackPointExtension>
        </extensions>
      </trkpt>
      <trkpt lat="23.20989978969125" lon="113.38084682612299">
        <ele>52.9</ele>
        <time>2026-07-25T09:41:08Z</time>
        <extensions>
          <gpxtpx:TrackPointExtension>
            <gpxtpx:hr>142</gpxtpx:hr>
          </gpxtpx:TrackPointExtension>
        </extensions>
      </trkpt>
      <trkpt lat="23.20987679054831" lon="113.38085782079087">
        <ele>52.9</ele>
        <time>2026-07-25T09:41:09Z</time>
        <extensions>
          <gpxtpx:TrackPointExtension>
            <gpxtpx:hr>142</gpxtpx:hr>
          </gpxtpx:TrackPointExtension>
        </extensions>
      </trkpt>
      <trkpt lat="23.209818794543267" lon="113.38088280908639">
        <ele>52.9</ele>
        <time>2026-07-25T09:41:12Z</time>
        <extensions>
          <gpxtpx:TrackPointExtension>
            <gpxtpx:hr>142</gpxtpx:hr>
          </gpxtpx:TrackPointExtension>
        </extensions>
      </trkpt>
      <trkpt lat="23.209766791160025" lon="113.38091579198745">
        <ele>52.1</ele>
        <time>2026-07-25T09:41:15Z</time>
        <extensions>
          <gpxtpx:TrackPointExtension>
            <gpxtpx:hr>142</gpxtpx:hr>
          </gpxtpx:TrackPointExtension>
        </extensions>
      </trkpt>
      <trkpt lat="23.209713778301133" lon="113.38096376564287">
        <ele>52.1</ele>
        <time>2026-07-25T09:41:18Z</time>
        <extensions>
          <gpxtpx:TrackPointExtension>
            <gpxtpx:hr>141</gpxtpx:hr>
          </gpxtpx:TrackPointExtension>
        </extensions>
      </trkpt>
      <trkpt lat="23.209692774558633" lon="113.38098075649019">
        <ele>52.1</ele>
        <time>2026-07-25T09:41:19Z</time>
        <extensions>
          <gpxtpx:TrackPointExtension>
            <gpxtpx:hr>141</gpxtpx:hr>
          </gpxtpx:TrackPointExtension>
        </extensions>
      </trkpt>
      <trkpt lat="23.209668772547108" lon="113.38099674817906">
        <ele>52.1</ele>
        <time>2026-07-25T09:41:20Z</time>
        <extensions>
          <gpxtpx:TrackPointExtension>
            <gpxtpx:hr>141</gpxtpx:hr>
          </gpxtpx:TrackPointExtension>
        </extensions>
      </trkpt>
      <trkpt lat="23.209600774329726" lon="113.38103073172562">
        <ele>51.1</ele>
        <time>2026-07-25T09:41:23Z</time>
        <extensions>
          <gpxtpx:TrackPointExtension>
            <gpxtpx:hr>141</gpxtpx:hr>
          </gpxtpx:TrackPointExtension>
        </extensions>
      </trkpt>
      <trkpt lat="23.20937376534763" lon="113.38116766270572">
        <ele>51.1</ele>
        <time>2026-07-25T09:41:32Z</time>
        <extensions>
          <gpxtpx:TrackPointExtension>
            <gpxtpx:hr>143</gpxtpx:hr>
          </gpxtpx:TrackPointExtension>
        </extensions>
      </trkpt>
      <trkpt lat="23.209308770202544" lon="113.38119564998186">
        <ele>49.8</ele>
        <time>2026-07-25T09:41:34Z</time>
        <extensions>
          <gpxtpx:TrackPointExtension>
            <gpxtpx:hr>143</gpxtpx:hr>
          </gpxtpx:TrackPointExtension>
        </extensions>
      </trkpt>
      <trkpt lat="23.209152785353957" lon="113.38125762276124">
        <ele>49.8</ele>
        <time>2026-07-25T09:41:38Z</time>
        <extensions>
          <gpxtpx:TrackPointExtension>
            <gpxtpx:hr>144</gpxtpx:hr>
          </gpxtpx:TrackPointExtension>
        </extensions>
      </trkpt>
      <trkpt lat="23.20910079280972" lon="113.38127461596223">
        <ele>49.8</ele>
        <time>2026-07-25T09:41:40Z</time>
        <extensions>
          <gpxtpx:TrackPointExtension>
            <gpxtpx:hr>144</gpxtpx:hr>
          </gpxtpx:TrackPointExtension>
        </extensions>
      </trkpt>
      <trkpt lat="23.209056804540385" lon="113.3812806153314">
        <ele>49.8</ele>
        <time>2026-07-25T09:41:41Z</time>
        <extensions>
          <gpxtpx:TrackPointExtension>
            <gpxtpx:hr>144</gpxtpx:hr>
          </gpxtpx:TrackPointExtension>
        </extensions>
      </trkpt>
      <trkpt lat="23.209027816763065" lon="113.38127761915796">
        <ele>49.8</ele>
        <time>2026-07-25T09:41:42Z</time>
        <extensions>
          <gpxtpx:TrackPointExtension>
            <gpxtpx:hr>144</gpxtpx:hr>
          </gpxtpx:TrackPointExtension>
        </extensions>
      </trkpt>
      <trkpt lat="23.208986823560647" lon="113.38128961466352">
        <ele>48.9</ele>
        <time>2026-07-25T09:41:44Z</time>
        <extensions>
          <gpxtpx:TrackPointExtension>
            <gpxtpx:hr>144</gpxtpx:hr>
          </gpxtpx:TrackPointExtension>
        </extensions>
      </trkpt>
      <trkpt lat="23.208939827981407" lon="113.38130860632674">
        <ele>48.9</ele>
        <time>2026-07-25T09:41:45Z</time>
        <extensions>
          <gpxtpx:TrackPointExtension>
            <gpxtpx:hr>144</gpxtpx:hr>
          </gpxtpx:TrackPointExtension>
        </extensions>
      </trkpt>
      <trkpt lat="23.208898834796305" lon="113.38132060184866">
        <ele>48.9</ele>
        <time>2026-07-25T09:41:46Z</time>
        <extensions>
          <gpxtpx:TrackPointExtension>
            <gpxtpx:hr>144</gpxtpx:hr>
          </gpxtpx:TrackPointExtension>
        </extensions>
      </trkpt>
      <trkpt lat="23.208780859292954" lon="113.381347593569">
        <ele>48.9</ele>
        <time>2026-07-25T09:41:49Z</time>
        <extensions>
          <gpxtpx:TrackPointExtension>
            <gpxtpx:hr>145</gpxtpx:hr>
          </gpxtpx:TrackPointExtension>
        </extensions>
      </trkpt>
      <trkpt lat="23.208629887843234" lon="113.38138658032736">
        <ele>48.9</ele>
        <time>2026-07-25T09:41:53Z</time>
        <extensions>
          <gpxtpx:TrackPointExtension>
            <gpxtpx:hr>145</gpxtpx:hr>
          </gpxtpx:TrackPointExtension>
        </extensions>
      </trkpt>
      <trkpt lat="23.208593894211273" lon="113.3813965767557">
        <ele>48.9</ele>
        <time>2026-07-25T09:41:54Z</time>
        <extensions>
          <gpxtpx:TrackPointExtension>
            <gpxtpx:hr>145</gpxtpx:hr>
          </gpxtpx:TrackPointExtension>
        </extensions>
      </trkpt>
      <trkpt lat="23.208534897225643" lon="113.38142456390061">
        <ele>48.9</ele>
        <time>2026-07-25T09:41:56Z</time>
        <extensions>
          <gpxtpx:TrackPointExtension>
            <gpxtpx:hr>145</gpxtpx:hr>
          </gpxtpx:TrackPointExtension>
        </extensions>
      </trkpt>
      <trkpt lat="23.20849691135844" lon="113.38142356712048">
        <ele>48.9</ele>
        <time>2026-07-25T09:41:58Z</time>
        <extensions>
          <gpxtpx:TrackPointExtension>
            <gpxtpx:hr>146</gpxtpx:hr>
          </gpxtpx:TrackPointExtension>
        </extensions>
      </trkpt>
      <trkpt lat="23.2084539240685" lon="113.38142756766689">
        <ele>48.9</ele>
        <time>2026-07-25T09:41:59Z</time>
        <extensions>
          <gpxtpx:TrackPointExtension>
            <gpxtpx:hr>146</gpxtpx:hr>
          </gpxtpx:TrackPointExtension>
        </extensions>
      </trkpt>
      <trkpt lat="23.20837393713691" lon="113.381451558705">
        <ele>48.9</ele>
        <time>2026-07-25T09:42:02Z</time>
        <extensions>
          <gpxtpx:TrackPointExtension>
            <gpxtpx:hr>146</gpxtpx:hr>
          </gpxtpx:TrackPointExtension>
        </extensions>
      </trkpt>
      <trkpt lat="23.208298954199304" lon="113.38146655483791">
        <ele>49.1</ele>
        <time>2026-07-25T09:42:05Z</time>
        <extensions>
          <gpxtpx:TrackPointExtension>
            <gpxtpx:hr>147</gpxtpx:hr>
          </gpxtpx:TrackPointExtension>
        </extensions>
      </trkpt>
      <trkpt lat="23.20818697740913" lon="113.38149254691915">
        <ele>49.1</ele>
        <time>2026-07-25T09:42:09Z</time>
        <extensions>
          <gpxtpx:TrackPointExtension>
            <gpxtpx:hr>147</gpxtpx:hr>
          </gpxtpx:TrackPointExtension>
        </extensions>
      </trkpt>
      <trkpt lat="23.208122992507203" lon="113.38150454412173">
        <ele>49.1</ele>
        <time>2026-07-25T09:42:11Z</time>
        <extensions>
          <gpxtpx:TrackPointExtension>
            <gpxtpx:hr>147</gpxtpx:hr>
          </gpxtpx:TrackPointExtension>
        </extensions>
      </trkpt>
      <trkpt lat="23.208092000977246" lon="113.38150854385621">
        <ele>49.1</ele>
        <time>2026-07-25T09:42:12Z</time>
        <extensions>
          <gpxtpx:TrackPointExtension>
            <gpxtpx:hr>147</gpxtpx:hr>
          </gpxtpx:TrackPointExtension>
        </extensions>
      </trkpt>
      <trkpt lat="23.208021018575494" lon="113.3815205415492">
        <ele>49.0</ele>
        <time>2026-07-25T09:42:14Z</time>
        <extensions>
          <gpxtpx:TrackPointExtension>
            <gpxtpx:hr>147</gpxtpx:hr>
          </gpxtpx:TrackPointExtension>
        </extensions>
      </trkpt>
      <trkpt lat="23.207930040115457" lon="113.38153753763197">
        <ele>49.0</ele>
        <time>2026-07-25T09:42:17Z</time>
        <extensions>
          <gpxtpx:TrackPointExtension>
            <gpxtpx:hr>147</gpxtpx:hr>
          </gpxtpx:TrackPointExtension>
        </extensions>
      </trkpt>
      <trkpt lat="23.207893047552343" lon="113.38154653479383">
        <ele>49.0</ele>
        <time>2026-07-25T09:42:18Z</time>
        <extensions>
          <gpxtpx:TrackPointExtension>
            <gpxtpx:hr>147</gpxtpx:hr>
          </gpxtpx:TrackPointExtension>
        </extensions>
      </trkpt>
      <trkpt lat="23.20780706290025" lon="113.3815705263708">
        <ele>49.0</ele>
        <time>2026-07-25T09:42:21Z</time>
        <extensions>
          <gpxtpx:TrackPointExtension>
            <gpxtpx:hr>147</gpxtpx:hr>
          </gpxtpx:TrackPointExtension>
        </extensions>
      </trkpt>
      <trkpt lat="23.207685080954437" lon="113.38161051092008">
        <ele>48.7</ele>
        <time>2026-07-25T09:42:25Z</time>
        <extensions>
          <gpxtpx:TrackPointExtension>
            <gpxtpx:hr>147</gpxtpx:hr>
          </gpxtpx:TrackPointExtension>
        </extensions>
      </trkpt>
      <trkpt lat="23.20762708831034" lon="113.38163150242016">
        <ele>48.7</ele>
        <time>2026-07-25T09:42:27Z</time>
        <extensions>
          <gpxtpx:TrackPointExtension>
            <gpxtpx:hr>147</gpxtpx:hr>
          </gpxtpx:TrackPointExtension>
        </extensions>
      </trkpt>
      <trkpt lat="23.20727911720611" lon="113.38178243712095">
        <ele>48.7</ele>
        <time>2026-07-25T09:42:40Z</time>
        <extensions>
          <gpxtpx:TrackPointExtension>
            <gpxtpx:hr>145</gpxtpx:hr>
          </gpxtpx:TrackPointExtension>
        </extensions>
      </trkpt>
      <trkpt lat="23.20726011458759" lon="113.38179742961732">
        <ele>48.7</ele>
        <time>2026-07-25T09:42:41Z</time>
        <extensions>
          <gpxtpx:TrackPointExtension>
            <gpxtpx:hr>145</gpxtpx:hr>
          </gpxtpx:TrackPointExtension>
        </extensions>
      </trkpt>
      <trkpt lat="23.207242110373052" lon="113.38181442088195">
        <ele>48.7</ele>
        <time>2026-07-25T09:42:42Z</time>
        <extensions>
          <gpxtpx:TrackPointExtension>
            <gpxtpx:hr>145</gpxtpx:hr>
          </gpxtpx:TrackPointExtension>
        </extensions>
      </trkpt>
      <trkpt lat="23.207224108665947" lon="113.38182741450217">
        <ele>48.9</ele>
        <time>2026-07-25T09:42:43Z</time>
        <extensions>
          <gpxtpx:TrackPointExtension>
            <gpxtpx:hr>145</gpxtpx:hr>
          </gpxtpx:TrackPointExtension>
        </extensions>
      </trkpt>
      <trkpt lat="23.207203109281014" lon="113.38183840950693">
        <ele>48.9</ele>
        <time>2026-07-25T09:42:44Z</time>
        <extensions>
          <gpxtpx:TrackPointExtension>
            <gpxtpx:hr>145</gpxtpx:hr>
          </gpxtpx:TrackPointExtension>
        </extensions>
      </trkpt>
      <trkpt lat="23.20698212830428" lon="113.38193436873657">
        <ele>49.0</ele>
        <time>2026-07-25T09:42:53Z</time>
        <extensions>
          <gpxtpx:TrackPointExtension>
            <gpxtpx:hr>147</gpxtpx:hr>
          </gpxtpx:TrackPointExtension>
        </extensions>
      </trkpt>
      <trkpt lat="23.206956129512168" lon="113.38194736297655">
        <ele>49.0</ele>
        <time>2026-07-25T09:42:55Z</time>
        <extensions>
          <gpxtpx:TrackPointExtension>
            <gpxtpx:hr>147</gpxtpx:hr>
          </gpxtpx:TrackPointExtension>
        </extensions>
      </trkpt>
      <trkpt lat="23.206853141468805" lon="113.38198734688379">
        <ele>49.0</ele>
        <time>2026-07-25T09:42:59Z</time>
        <extensions>
          <gpxtpx:TrackPointExtension>
            <gpxtpx:hr>146</gpxtpx:hr>
          </gpxtpx:TrackPointExtension>
        </extensions>
      </trkpt>
      <trkpt lat="23.206776152860254" lon="113.38201333715341">
        <ele>49.0</ele>
        <time>2026-07-25T09:43:02Z</time>
        <extensions>
          <gpxtpx:TrackPointExtension>
            <gpxtpx:hr>146</gpxtpx:hr>
          </gpxtpx:TrackPointExtension>
        </extensions>
      </trkpt>
      <trkpt lat="23.206728161953475" lon="113.38202633295349">
        <ele>49.4</ele>
        <time>2026-07-25T09:43:04Z</time>
        <extensions>
          <gpxtpx:TrackPointExtension>
            <gpxtpx:hr>146</gpxtpx:hr>
          </gpxtpx:TrackPointExtension>
        </extensions>
      </trkpt>
      <trkpt lat="23.20665916869532" lon="113.38205532098988">
        <ele>49.4</ele>
        <time>2026-07-25T09:43:06Z</time>
        <extensions>
          <gpxtpx:TrackPointExtension>
            <gpxtpx:hr>146</gpxtpx:hr>
          </gpxtpx:TrackPointExtension>
        </extensions>
      </trkpt>
      <trkpt lat="23.206627170267243" lon="113.38207131398738">
        <ele>49.4</ele>
        <time>2026-07-25T09:43:07Z</time>
        <extensions>
          <gpxtpx:TrackPointExtension>
            <gpxtpx:hr>146</gpxtpx:hr>
          </gpxtpx:TrackPointExtension>
        </extensions>
      </trkpt>
      <trkpt lat="23.206600168840158" lon="113.3820893055035">
        <ele>49.4</ele>
        <time>2026-07-25T09:43:08Z</time>
        <extensions>
          <gpxtpx:TrackPointExtension>
            <gpxtpx:hr>148</gpxtpx:hr>
          </gpxtpx:TrackPointExtension>
        </extensions>
      </trkpt>
      <trkpt lat="23.206418177446253" lon="113.38218126539499">
        <ele>50.8</ele>
        <time>2026-07-25T09:43:16Z</time>
        <extensions>
          <gpxtpx:TrackPointExtension>
            <gpxtpx:hr>148</gpxtpx:hr>
          </gpxtpx:TrackPointExtension>
        </extensions>
      </trkpt>
      <trkpt lat="23.206394177469363" lon="113.38219525906996">
        <ele>50.8</ele>
        <time>2026-07-25T09:43:17Z</time>
        <extensions>
          <gpxtpx:TrackPointExtension>
            <gpxtpx:hr>148</gpxtpx:hr>
          </gpxtpx:TrackPointExtension>
        </extensions>
      </trkpt>
      <trkpt lat="23.206215182996544" lon="113.38229121692603">
        <ele>50.6</ele>
        <time>2026-07-25T09:43:24Z</time>
        <extensions>
          <gpxtpx:TrackPointExtension>
            <gpxtpx:hr>147</gpxtpx:hr>
          </gpxtpx:TrackPointExtension>
        </extensions>
      </trkpt>
      <trkpt lat="23.20615418842364" lon="113.38231820588041">
        <ele>50.6</ele>
        <time>2026-07-25T09:43:26Z</time>
        <extensions>
          <gpxtpx:TrackPointExtension>
            <gpxtpx:hr>147</gpxtpx:hr>
          </gpxtpx:TrackPointExtension>
        </extensions>
      </trkpt>
      <trkpt lat="23.206109194813514" lon="113.38233419995956">
        <ele>50.6</ele>
        <time>2026-07-25T09:43:28Z</time>
        <extensions>
          <gpxtpx:TrackPointExtension>
            <gpxtpx:hr>149</gpxtpx:hr>
          </gpxtpx:TrackPointExtension>
        </extensions>
      </trkpt>
      <trkpt lat="23.206064203025157" lon="113.38234719573813">
        <ele>50.6</ele>
        <time>2026-07-25T09:43:29Z</time>
        <extensions>
          <gpxtpx:TrackPointExtension>
            <gpxtpx:hr>149</gpxtpx:hr>
          </gpxtpx:TrackPointExtension>
        </extensions>
      </trkpt>
      <trkpt lat="23.206034210715718" lon="113.38235219499035">
        <ele>50.6</ele>
        <time>2026-07-25T09:43:30Z</time>
        <extensions>
          <gpxtpx:TrackPointExtension>
            <gpxtpx:hr>149</gpxtpx:hr>
          </gpxtpx:TrackPointExtension>
        </extensions>
      </trkpt>
      <trkpt lat="23.206011220734897" lon="113.38234919826164">
        <ele>50.6</ele>
        <time>2026-07-25T09:43:31Z</time>
        <extensions>
          <gpxtpx:TrackPointExtension>
            <gpxtpx:hr>149</gpxtpx:hr>
          </gpxtpx:TrackPointExtension>
        </extensions>
      </trkpt>
      <trkpt lat="23.205994224389823" lon="113.38235319718173">
        <ele>50.6</ele>
        <time>2026-07-25T09:43:32Z</time>
        <extensions>
          <gpxtpx:TrackPointExtension>
            <gpxtpx:hr>149</gpxtpx:hr>
          </gpxtpx:TrackPointExtension>
        </extensions>
      </trkpt>
      <trkpt lat="23.205972221994354" lon="113.3823701891405">
        <ele>52.4</ele>
        <time>2026-07-25T09:43:33Z</time>
        <extensions>
          <gpxtpx:TrackPointExtension>
            <gpxtpx:hr>147</gpxtpx:hr>
          </gpxtpx:TrackPointExtension>
        </extensions>
      </trkpt>
      <trkpt lat="23.205941225231246" lon="113.382383183976">
        <ele>52.4</ele>
        <time>2026-07-25T09:43:34Z</time>
        <extensions>
          <gpxtpx:TrackPointExtension>
            <gpxtpx:hr>147</gpxtpx:hr>
          </gpxtpx:TrackPointExtension>
        </extensions>
      </trkpt>
      <trkpt lat="23.20588623884863" lon="113.38239318215327">
        <ele>52.4</ele>
        <time>2026-07-25T09:43:36Z</time>
        <extensions>
          <gpxtpx:TrackPointExtension>
            <gpxtpx:hr>147</gpxtpx:hr>
          </gpxtpx:TrackPointExtension>
        </extensions>
      </trkpt>
      <trkpt lat="23.205837246723316" lon="113.3824091765611">
        <ele>52.4</ele>
        <time>2026-07-25T09:43:38Z</time>
        <extensions>
          <gpxtpx:TrackPointExtension>
            <gpxtpx:hr>148</gpxtpx:hr>
          </gpxtpx:TrackPointExtension>
        </extensions>
      </trkpt>
      <trkpt lat="23.205748258095024" lon="113.38244316367421">
        <ele>52.4</ele>
        <time>2026-07-25T09:43:42Z</time>
        <extensions>
          <gpxtpx:TrackPointExtension>
            <gpxtpx:hr>148</gpxtpx:hr>
          </gpxtpx:TrackPointExtension>
        </extensions>
      </trkpt>
      <trkpt lat="23.205721262942134" lon="113.38245116106661">
        <ele>54.1</ele>
        <time>2026-07-25T09:43:43Z</time>
        <extensions>
          <gpxtpx:TrackPointExtension>
            <gpxtpx:hr>149</gpxtpx:hr>
          </gpxtpx:TrackPointExtension>
        </extensions>
      </trkpt>
      <trkpt lat="23.205690269221005" lon="113.38245915873723">
        <ele>54.1</ele>
        <time>2026-07-25T09:43:44Z</time>
        <extensions>
          <gpxtpx:TrackPointExtension>
            <gpxtpx:hr>149</gpxtpx:hr>
          </gpxtpx:TrackPointExtension>
        </extensions>
      </trkpt>
      <trkpt lat="23.20564927907511" lon="113.38246715709919">
        <ele>54.1</ele>
        <time>2026-07-25T09:43:46Z</time>
        <extensions>
          <gpxtpx:TrackPointExtension>
            <gpxtpx:hr>149</gpxtpx:hr>
          </gpxtpx:TrackPointExtension>
        </extensions>
      </trkpt>
      <trkpt lat="23.20561928560186" lon="113.38247415526372">
        <ele>54.1</ele>
        <time>2026-07-25T09:43:47Z</time>
        <extensions>
          <gpxtpx:TrackPointExtension>
            <gpxtpx:hr>149</gpxtpx:hr>
          </gpxtpx:TrackPointExtension>
        </extensions>
      </trkpt>
      <trkpt lat="23.205600290594283" lon="113.38247715490068">
        <ele>54.1</ele>
        <time>2026-07-25T09:43:48Z</time>
        <extensions>
          <gpxtpx:TrackPointExtension>
            <gpxtpx:hr>150</gpxtpx:hr>
          </gpxtpx:TrackPointExtension>
        </extensions>
      </trkpt>
      <trkpt lat="23.205582296426446" lon="113.38247815558299">
        <ele>54.1</ele>
        <time>2026-07-25T09:43:49Z</time>
        <extensions>
          <gpxtpx:TrackPointExtension>
            <gpxtpx:hr>150</gpxtpx:hr>
          </gpxtpx:TrackPointExtension>
        </extensions>
      </trkpt>
      <trkpt lat="23.20554331275302" lon="113.38247416049609">
        <ele>54.1</ele>
        <time>2026-07-25T09:43:51Z</time>
        <extensions>
          <gpxtpx:TrackPointExtension>
            <gpxtpx:hr>150</gpxtpx:hr>
          </gpxtpx:TrackPointExtension>
        </extensions>
      </trkpt>
      <trkpt lat="23.205509324900966" lon="113.38247416283687">
        <ele>54.6</ele>
        <time>2026-07-25T09:43:53Z</time>
        <extensions>
          <gpxtpx:TrackPointExtension>
            <gpxtpx:hr>150</gpxtpx:hr>
          </gpxtpx:TrackPointExtension>
        </extensions>
      </trkpt>
      <trkpt lat="23.20549433085903" lon="113.38247316442671">
        <ele>54.6</ele>
        <time>2026-07-25T09:43:54Z</time>
        <extensions>
          <gpxtpx:TrackPointExtension>
            <gpxtpx:hr>150</gpxtpx:hr>
          </gpxtpx:TrackPointExtension>
        </extensions>
      </trkpt>
      <trkpt lat="23.205461348038266" lon="113.38246417171482">
        <ele>54.6</ele>
        <time>2026-07-25T09:43:56Z</time>
        <extensions>
          <gpxtpx:TrackPointExtension>
            <gpxtpx:hr>150</gpxtpx:hr>
          </gpxtpx:TrackPointExtension>
        </extensions>
      </trkpt>
      <trkpt lat="23.20544135698174" lon="113.38246117476461">
        <ele>54.6</ele>
        <time>2026-07-25T09:43:57Z</time>
        <extensions>
          <gpxtpx:TrackPointExtension>
            <gpxtpx:hr>150</gpxtpx:hr>
          </gpxtpx:TrackPointExtension>
        </extensions>
      </trkpt>
      <trkpt lat="23.2054113694996" lon="113.38245817850326">
        <ele>54.6</ele>
        <time>2026-07-25T09:43:59Z</time>
        <extensions>
          <gpxtpx:TrackPointExtension>
            <gpxtpx:hr>148</gpxtpx:hr>
          </gpxtpx:TrackPointExtension>
        </extensions>
      </trkpt>
      <trkpt lat="23.205385379390698" lon="113.3824571808511">
        <ele>54.6</ele>
        <time>2026-07-25T09:44:00Z</time>
        <extensions>
          <gpxtpx:TrackPointExtension>
            <gpxtpx:hr>148</gpxtpx:hr>
          </gpxtpx:TrackPointExtension>
        </extensions>
      </trkpt>
      <trkpt lat="23.205377380452898" lon="113.38246017972847">
        <ele>54.6</ele>
        <time>2026-07-25T09:44:01Z</time>
        <extensions>
          <gpxtpx:TrackPointExtension>
            <gpxtpx:hr>148</gpxtpx:hr>
          </gpxtpx:TrackPointExtension>
        </extensions>
      </trkpt>
      <trkpt lat="23.20537537937107" lon="113.38246317819318">
        <ele>54.6</ele>
        <time>2026-07-25T09:44:02Z</time>
        <extensions>
          <gpxtpx:TrackPointExtension>
            <gpxtpx:hr>148</gpxtpx:hr>
          </gpxtpx:TrackPointExtension>
        </extensions>
      </trkpt>
      <trkpt lat="23.20535237981026" lon="113.38247617253163">
        <ele>55.1</ele>
        <time>2026-07-25T09:44:09Z</time>
        <extensions>
          <gpxtpx:TrackPointExtension>
            <gpxtpx:hr>147</gpxtpx:hr>
          </gpxtpx:TrackPointExtension>
        </extensions>
      </trkpt>
      <trkpt lat="23.205347381597374" lon="113.38247617287587">
        <ele>55.1</ele>
        <time>2026-07-25T09:44:10Z</time>
        <extensions>
          <gpxtpx:TrackPointExtension>
            <gpxtpx:hr>147</gpxtpx:hr>
          </gpxtpx:TrackPointExtension>
        </extensions>
      </trkpt>
      <trkpt lat="23.205342383982828" lon="113.38247517377714">
        <ele>55.1</ele>
        <time>2026-07-25T09:44:11Z</time>
        <extensions>
          <gpxtpx:TrackPointExtension>
            <gpxtpx:hr>147</gpxtpx:hr>
          </gpxtpx:TrackPointExtension>
        </extensions>
      </trkpt>
      <trkpt lat="23.20532039064982" lon="113.38247717417771">
        <ele>55.1</ele>
        <time>2026-07-25T09:44:22Z</time>
        <extensions>
          <gpxtpx:TrackPointExtension>
            <gpxtpx:hr>142</gpxtpx:hr>
          </gpxtpx:TrackPointExtension>
        </extensions>
      </trkpt>
      <trkpt lat="23.205310403801583" lon="113.38246118378346">
        <ele>55.0</ele>
        <time>2026-07-25T09:44:32Z</time>
        <extensions>
          <gpxtpx:TrackPointExtension>
            <gpxtpx:hr>137</gpxtpx:hr>
          </gpxtpx:TrackPointExtension>
        </extensions>
      </trkpt>
      <trkpt lat="23.20530840331877" lon="113.38246318280586">
        <ele>54.9</ele>
        <time>2026-07-25T09:44:35Z</time>
        <extensions>
          <gpxtpx:TrackPointExtension>
            <gpxtpx:hr>134</gpxtpx:hr>
          </gpxtpx:TrackPointExtension>
        </extensions>
      </trkpt>
      <trkpt lat="23.205306403434882" lon="113.38246418238599">
        <ele>54.9</ele>
        <time>2026-07-25T09:44:36Z</time>
        <extensions>
          <gpxtpx:TrackPointExtension>
            <gpxtpx:hr>134</gpxtpx:hr>
          </gpxtpx:TrackPointExtension>
        </extensions>
      </trkpt>
      <trkpt lat="23.205303405106044" lon="113.3824631831501">
        <ele>54.9</ele>
        <time>2026-07-25T09:44:37Z</time>
        <extensions>
          <gpxtpx:TrackPointExtension>
            <gpxtpx:hr>134</gpxtpx:hr>
          </gpxtpx:TrackPointExtension>
        </extensions>
      </trkpt>
      <trkpt lat="23.205302408458095" lon="113.38245818600748">
        <ele>54.9</ele>
        <time>2026-07-25T09:44:40Z</time>
        <extensions>
          <gpxtpx:TrackPointExtension>
            <gpxtpx:hr>130</gpxtpx:hr>
          </gpxtpx:TrackPointExtension>
        </extensions>
      </trkpt>
      <trkpt lat="23.205305407385726" lon="113.38245818580094">
        <ele>54.9</ele>
        <time>2026-07-25T09:44:41Z</time>
        <extensions>
          <gpxtpx:TrackPointExtension>
            <gpxtpx:hr>130</gpxtpx:hr>
          </gpxtpx:TrackPointExtension>
        </extensions>
      </trkpt>
      <trkpt lat="23.205295407965725" lon="113.38246318370086">
        <ele>55.0</ele>
        <time>2026-07-25T09:44:45Z</time>
        <extensions>
          <gpxtpx:TrackPointExtension>
            <gpxtpx:hr>126</gpxtpx:hr>
          </gpxtpx:TrackPointExtension>
        </extensions>
      </trkpt>
      <trkpt lat="23.205287405437687" lon="113.38247217923505">
        <ele>55.0</ele>
        <time>2026-07-25T09:44:46Z</time>
        <extensions>
          <gpxtpx:TrackPointExtension>
            <gpxtpx:hr>126</gpxtpx:hr>
          </gpxtpx:TrackPointExtension>
        </extensions>
      </trkpt>
      <trkpt lat="23.205279397531598" lon="113.3824901697635">
        <ele>55.0</ele>
        <time>2026-07-25T09:44:47Z</time>
        <extensions>
          <gpxtpx:TrackPointExtension>
            <gpxtpx:hr>126</gpxtpx:hr>
          </gpxtpx:TrackPointExtension>
        </extensions>
      </trkpt>
      <trkpt lat="23.205252341672345" lon="113.38260011068787">
        <ele>55.0</ele>
        <time>2026-07-25T09:44:51Z</time>
        <extensions>
          <gpxtpx:TrackPointExtension>
            <gpxtpx:hr>126</gpxtpx:hr>
          </gpxtpx:TrackPointExtension>
        </extensions>
      </trkpt>
      <trkpt lat="23.205275316851445" lon="113.3826280936798">
        <ele>55.4</ele>
        <time>2026-07-25T09:44:53Z</time>
        <extensions>
          <gpxtpx:TrackPointExtension>
            <gpxtpx:hr>126</gpxtpx:hr>
          </gpxtpx:TrackPointExtension>
        </extensions>
      </trkpt>
      <trkpt lat="23.205294272236802" lon="113.38269205724653">
        <ele>55.4</ele>
        <time>2026-07-25T09:44:55Z</time>
        <extensions>
          <gpxtpx:TrackPointExtension>
            <gpxtpx:hr>126</gpxtpx:hr>
          </gpxtpx:TrackPointExtension>
        </extensions>
      </trkpt>
      <trkpt lat="23.20530425275469" lon="113.38271904179433">
        <ele>55.4</ele>
        <time>2026-07-25T09:44:56Z</time>
        <extensions>
          <gpxtpx:TrackPointExtension>
            <gpxtpx:hr>126</gpxtpx:hr>
          </gpxtpx:TrackPointExtension>
        </extensions>
      </trkpt>
      <trkpt lat="23.205320234683064" lon="113.38274002923235">
        <ele>55.4</ele>
        <time>2026-07-25T09:44:58Z</time>
        <extensions>
          <gpxtpx:TrackPointExtension>
            <gpxtpx:hr>129</gpxtpx:hr>
          </gpxtpx:TrackPointExtension>
        </extensions>
      </trkpt>
      <trkpt lat="23.205336226025583" lon="113.38274502540501">
        <ele>55.4</ele>
        <time>2026-07-25T09:44:59Z</time>
        <extensions>
          <gpxtpx:TrackPointExtension>
            <gpxtpx:hr>129</gpxtpx:hr>
          </gpxtpx:TrackPointExtension>
        </extensions>
      </trkpt>
      <trkpt lat="23.205343227637698" lon="113.38273802873948">
        <ele>55.4</ele>
        <time>2026-07-25T09:45:00Z</time>
        <extensions>
          <gpxtpx:TrackPointExtension>
            <gpxtpx:hr>129</gpxtpx:hr>
          </gpxtpx:TrackPointExtension>
        </extensions>
      </trkpt>
      <trkpt lat="23.205341232468633" lon="113.38273103269576">
        <ele>55.4</ele>
        <time>2026-07-25T09:45:01Z</time>
        <extensions>
          <gpxtpx:TrackPointExtension>
            <gpxtpx:hr>129</gpxtpx:hr>
          </gpxtpx:TrackPointExtension>
        </extensions>
      </trkpt>
      <trkpt lat="23.205338234717306" lon="113.38272903399373">
        <ele>55.4</ele>
        <time>2026-07-25T09:45:02Z</time>
        <extensions>
          <gpxtpx:TrackPointExtension>
            <gpxtpx:hr>129</gpxtpx:hr>
          </gpxtpx:TrackPointExtension>
        </extensions>
      </trkpt>
      <trkpt lat="23.20533423085458" lon="113.38273802935912">
        <ele>55.9</ele>
        <time>2026-07-25T09:45:03Z</time>
        <extensions>
          <gpxtpx:TrackPointExtension>
            <gpxtpx:hr>130</gpxtpx:hr>
          </gpxtpx:TrackPointExtension>
        </extensions>
      </trkpt>
      <trkpt lat="23.205338224135613" lon="113.38274702417732">
        <ele>55.9</ele>
        <time>2026-07-25T09:45:04Z</time>
        <extensions>
          <gpxtpx:TrackPointExtension>
            <gpxtpx:hr>130</gpxtpx:hr>
          </gpxtpx:TrackPointExtension>
        </extensions>
      </trkpt>
      <trkpt lat="23.205379205957186" lon="113.38275301808564">
        <ele>55.9</ele>
        <time>2026-07-25T09:45:06Z</time>
        <extensions>
          <gpxtpx:TrackPointExtension>
            <gpxtpx:hr>130</gpxtpx:hr>
          </gpxtpx:TrackPointExtension>
        </extensions>
      </trkpt>
      <trkpt lat="23.205401190463352" lon="113.38276600949382">
        <ele>55.9</ele>
        <time>2026-07-25T09:45:07Z</time>
        <extensions>
          <gpxtpx:TrackPointExtension>
            <gpxtpx:hr>130</gpxtpx:hr>
          </gpxtpx:TrackPointExtension>
        </extensions>
      </trkpt>
      <trkpt lat="23.205416167517935" lon="113.38279599215791">
        <ele>55.9</ele>
        <time>2026-07-25T09:45:08Z</time>
        <extensions>
          <gpxtpx:TrackPointExtension>
            <gpxtpx:hr>133</gpxtpx:hr>
          </gpxtpx:TrackPointExtension>
        </extensions>
      </trkpt>
      <trkpt lat="23.205425135073497" lon="113.3828459644555">
        <ele>55.9</ele>
        <time>2026-07-25T09:45:09Z</time>
        <extensions>
          <gpxtpx:TrackPointExtension>
            <gpxtpx:hr>133</gpxtpx:hr>
          </gpxtpx:TrackPointExtension>
        </extensions>
      </trkpt>
      <trkpt lat="23.205440065762456" lon="113.38295590423333">
        <ele>55.9</ele>
        <time>2026-07-25T09:45:11Z</time>
        <extensions>
          <gpxtpx:TrackPointExtension>
            <gpxtpx:hr>133</gpxtpx:hr>
          </gpxtpx:TrackPointExtension>
        </extensions>
      </trkpt>
      <trkpt lat="23.205458039661373" lon="113.38298988480844">
        <ele>55.9</ele>
        <time>2026-07-25T09:45:12Z</time>
        <extensions>
          <gpxtpx:TrackPointExtension>
            <gpxtpx:hr>133</gpxtpx:hr>
          </gpxtpx:TrackPointExtension>
        </extensions>
      </trkpt>
      <trkpt lat="23.20548001333039" lon="113.38302186622506">
        <ele>56.1</ele>
        <time>2026-07-25T09:45:13Z</time>
        <extensions>
          <gpxtpx:TrackPointExtension>
            <gpxtpx:hr>135</gpxtpx:hr>
          </gpxtpx:TrackPointExtension>
        </extensions>
      </trkpt>
      <trkpt lat="23.20548898191222" lon="113.38307083955766">
        <ele>56.1</ele>
        <time>2026-07-25T09:45:14Z</time>
        <extensions>
          <gpxtpx:TrackPointExtension>
            <gpxtpx:hr>135</gpxtpx:hr>
          </gpxtpx:TrackPointExtension>
        </extensions>
      </trkpt>
      <trkpt lat="23.205488948081808" lon="113.38312980833648">
        <ele>56.1</ele>
        <time>2026-07-25T09:45:16Z</time>
        <extensions>
          <gpxtpx:TrackPointExtension>
            <gpxtpx:hr>135</gpxtpx:hr>
          </gpxtpx:TrackPointExtension>
        </extensions>
      </trkpt>
      <trkpt lat="23.205472892800973" lon="113.38323675321398">
        <ele>56.1</ele>
        <time>2026-07-25T09:45:19Z</time>
        <extensions>
          <gpxtpx:TrackPointExtension>
            <gpxtpx:hr>136</gpxtpx:hr>
          </gpxtpx:TrackPointExtension>
        </extensions>
      </trkpt>
      <trkpt lat="23.205474876199887" lon="113.38326473844805">
        <ele>56.1</ele>
        <time>2026-07-25T09:45:20Z</time>
        <extensions>
          <gpxtpx:TrackPointExtension>
            <gpxtpx:hr>136</gpxtpx:hr>
          </gpxtpx:TrackPointExtension>
        </extensions>
      </trkpt>
      <trkpt lat="23.205479861387175" lon="113.383287726114">
        <ele>56.1</ele>
        <time>2026-07-25T09:45:21Z</time>
        <extensions>
          <gpxtpx:TrackPointExtension>
            <gpxtpx:hr>136</gpxtpx:hr>
          </gpxtpx:TrackPointExtension>
        </extensions>
      </trkpt>
      <trkpt lat="23.205498824662218" lon="113.38334069726746">
        <ele>56.7</ele>
        <time>2026-07-25T09:45:23Z</time>
        <extensions>
          <gpxtpx:TrackPointExtension>
            <gpxtpx:hr>137</gpxtpx:hr>
          </gpxtpx:TrackPointExtension>
        </extensions>
      </trkpt>
      <trkpt lat="23.20550579851826" lon="113.38338267505203">
        <ele>56.7</ele>
        <time>2026-07-25T09:45:25Z</time>
        <extensions>
          <gpxtpx:TrackPointExtension>
            <gpxtpx:hr>137</gpxtpx:hr>
          </gpxtpx:TrackPointExtension>
        </extensions>
      </trkpt>
      <trkpt lat="23.20550977519837" lon="113.38342165466636">
        <ele>56.7</ele>
        <time>2026-07-25T09:45:26Z</time>
        <extensions>
          <gpxtpx:TrackPointExtension>
            <gpxtpx:hr>137</gpxtpx:hr>
          </gpxtpx:TrackPointExtension>
        </extensions>
      </trkpt>
      <trkpt lat="23.205516753103744" lon="113.38345663619484">
        <ele>56.7</ele>
        <time>2026-07-25T09:45:27Z</time>
        <extensions>
          <gpxtpx:TrackPointExtension>
            <gpxtpx:hr>137</gpxtpx:hr>
          </gpxtpx:TrackPointExtension>
        </extensions>
      </trkpt>
      <trkpt lat="23.205520723769116" lon="113.38350661031538">
        <ele>56.7</ele>
        <time>2026-07-25T09:45:28Z</time>
        <extensions>
          <gpxtpx:TrackPointExtension>
            <gpxtpx:hr>138</gpxtpx:hr>
          </gpxtpx:TrackPointExtension>
        </extensions>
      </trkpt>
      <trkpt lat="23.205517690932343" lon="113.38356757943698">
        <ele>56.7</ele>
        <time>2026-07-25T09:45:29Z</time>
        <extensions>
          <gpxtpx:TrackPointExtension>
            <gpxtpx:hr>138</gpxtpx:hr>
          </gpxtpx:TrackPointExtension>
        </extensions>
      </trkpt>
      <trkpt lat="23.205540417369704" lon="113.38405433568441">
        <ele>56.2</ele>
        <time>2026-07-25T09:45:42Z</time>
        <extensions>
          <gpxtpx:TrackPointExtension>
            <gpxtpx:hr>142</gpxtpx:hr>
          </gpxtpx:TrackPointExtension>
        </extensions>
      </trkpt>
      <trkpt lat="23.205536401698133" lon="113.38408632042139">
        <ele>56.3</ele>
        <time>2026-07-25T09:45:43Z</time>
        <extensions>
          <gpxtpx:TrackPointExtension>
            <gpxtpx:hr>143</gpxtpx:hr>
          </gpxtpx:TrackPointExtension>
        </extensions>
      </trkpt>
      <trkpt lat="23.205527387321933" lon="113.38411930506548">
        <ele>56.3</ele>
        <time>2026-07-25T09:45:44Z</time>
        <extensions>
          <gpxtpx:TrackPointExtension>
            <gpxtpx:hr>143</gpxtpx:hr>
          </gpxtpx:TrackPointExtension>
        </extensions>
      </trkpt>
      <trkpt lat="23.205515374061676" lon="113.38415228996529">
        <ele>56.3</ele>
        <time>2026-07-25T09:45:45Z</time>
        <extensions>
          <gpxtpx:TrackPointExtension>
            <gpxtpx:hr>143</gpxtpx:hr>
          </gpxtpx:TrackPointExtension>
        </extensions>
      </trkpt>
      <trkpt lat="23.205496325309305" lon="113.38425724092568">
        <ele>56.3</ele>
        <time>2026-07-25T09:45:48Z</time>
        <extensions>
          <gpxtpx:TrackPointExtension>
            <gpxtpx:hr>144</gpxtpx:hr>
          </gpxtpx:TrackPointExtension>
        </extensions>
      </trkpt>
      <trkpt lat="23.20549226172118" lon="113.38438118238439">
        <ele>56.3</ele>
        <time>2026-07-25T09:45:52Z</time>
        <extensions>
          <gpxtpx:TrackPointExtension>
            <gpxtpx:hr>144</gpxtpx:hr>
          </gpxtpx:TrackPointExtension>
        </extensions>
      </trkpt>
      <trkpt lat="23.205488236590046" lon="113.38443215867092">
        <ele>56.5</ele>
        <time>2026-07-25T09:45:53Z</time>
        <extensions>
          <gpxtpx:TrackPointExtension>
            <gpxtpx:hr>146</gpxtpx:hr>
          </gpxtpx:TrackPointExtension>
        </extensions>
      </trkpt>
      <trkpt lat="23.205437144002723" lon="113.38464706234794">
        <ele>56.5</ele>
        <time>2026-07-25T09:46:00Z</time>
        <extensions>
          <gpxtpx:TrackPointExtension>
            <gpxtpx:hr>147</gpxtpx:hr>
          </gpxtpx:TrackPointExtension>
        </extensions>
      </trkpt>
      <trkpt lat="23.205421123201166" lon="113.38469903961827">
        <ele>56.5</ele>
        <time>2026-07-25T09:46:02Z</time>
        <extensions>
          <gpxtpx:TrackPointExtension>
            <gpxtpx:hr>147</gpxtpx:hr>
          </gpxtpx:TrackPointExtension>
        </extensions>
      </trkpt>
      <trkpt lat="23.205407100781247" lon="113.38475301596415">
        <ele>55.4</ele>
        <time>2026-07-25T09:46:03Z</time>
        <extensions>
          <gpxtpx:TrackPointExtension>
            <gpxtpx:hr>148</gpxtpx:hr>
          </gpxtpx:TrackPointExtension>
        </extensions>
      </trkpt>
      <trkpt lat="23.205375023660963" lon="113.38492893884978">
        <ele>55.4</ele>
        <time>2026-07-25T09:46:08Z</time>
        <extensions>
          <gpxtpx:TrackPointExtension>
            <gpxtpx:hr>147</gpxtpx:hr>
          </gpxtpx:TrackPointExtension>
        </extensions>
      </trkpt>
      <trkpt lat="23.205183718408488" lon="113.38570062074862">
        <ele>53.8</ele>
        <time>2026-07-25T09:46:30Z</time>
        <extensions>
          <gpxtpx:TrackPointExtension>
            <gpxtpx:hr>151</gpxtpx:hr>
          </gpxtpx:TrackPointExtension>
        </extensions>
      </trkpt>
      <trkpt lat="23.20516970659008" lon="113.38573660692977">
        <ele>53.8</ele>
        <time>2026-07-25T09:46:32Z</time>
        <extensions>
          <gpxtpx:TrackPointExtension>
            <gpxtpx:hr>151</gpxtpx:hr>
          </gpxtpx:TrackPointExtension>
        </extensions>
      </trkpt>
      <trkpt lat="23.20501560901141" lon="113.38606848400144">
        <ele>53.5</ele>
        <time>2026-07-25T09:46:42Z</time>
        <extensions>
          <gpxtpx:TrackPointExtension>
            <gpxtpx:hr>152</gpxtpx:hr>
          </gpxtpx:TrackPointExtension>
        </extensions>
      </trkpt>
      <trkpt lat="23.204984598403865" lon="113.38611646724843">
        <ele>54.3</ele>
        <time>2026-07-25T09:46:44Z</time>
        <extensions>
          <gpxtpx:TrackPointExtension>
            <gpxtpx:hr>153</gpxtpx:hr>
          </gpxtpx:TrackPointExtension>
        </extensions>
      </trkpt>
      <trkpt lat="23.204948590578457" lon="113.38616245172598">
        <ele>54.3</ele>
        <time>2026-07-25T09:46:46Z</time>
        <extensions>
          <gpxtpx:TrackPointExtension>
            <gpxtpx:hr>153</gpxtpx:hr>
          </gpxtpx:TrackPointExtension>
        </extensions>
      </trkpt>
      <trkpt lat="23.204928583830153" lon="113.38619344102662">
        <ele>54.3</ele>
        <time>2026-07-25T09:46:47Z</time>
        <extensions>
          <gpxtpx:TrackPointExtension>
            <gpxtpx:hr>153</gpxtpx:hr>
          </gpxtpx:TrackPointExtension>
        </extensions>
      </trkpt>
      <trkpt lat="23.20491757390196" lon="113.38622442975165">
        <ele>54.3</ele>
        <time>2026-07-25T09:46:48Z</time>
        <extensions>
          <gpxtpx:TrackPointExtension>
            <gpxtpx:hr>153</gpxtpx:hr>
          </gpxtpx:TrackPointExtension>
        </extensions>
      </trkpt>
      <trkpt lat="23.204898567320715" lon="113.38625441945777">
        <ele>54.3</ele>
        <time>2026-07-25T09:46:49Z</time>
        <extensions>
          <gpxtpx:TrackPointExtension>
            <gpxtpx:hr>153</gpxtpx:hr>
          </gpxtpx:TrackPointExtension>
        </extensions>
      </trkpt>
      <trkpt lat="23.204718549609087" lon="113.38644036084271">
        <ele>54.2</ele>
        <time>2026-07-25T09:46:57Z</time>
        <extensions>
          <gpxtpx:TrackPointExtension>
            <gpxtpx:hr>154</gpxtpx:hr>
          </gpxtpx:TrackPointExtension>
        </extensions>
      </trkpt>
      <trkpt lat="23.20469055001142" lon="113.38646235447708">
        <ele>54.2</ele>
        <time>2026-07-25T09:46:58Z</time>
        <extensions>
          <gpxtpx:TrackPointExtension>
            <gpxtpx:hr>154</gpxtpx:hr>
          </gpxtpx:TrackPointExtension>
        </extensions>
      </trkpt>
      <trkpt lat="23.20466055332995" lon="113.38647935014939">
        <ele>54.2</ele>
        <time>2026-07-25T09:46:59Z</time>
        <extensions>
          <gpxtpx:TrackPointExtension>
            <gpxtpx:hr>154</gpxtpx:hr>
          </gpxtpx:TrackPointExtension>
        </extensions>
      </trkpt>
      <trkpt lat="23.20463555269499" lon="113.38650134361667">
        <ele>54.2</ele>
        <time>2026-07-25T09:47:00Z</time>
        <extensions>
          <gpxtpx:TrackPointExtension>
            <gpxtpx:hr>154</gpxtpx:hr>
          </gpxtpx:TrackPointExtension>
        </extensions>
      </trkpt>
      <trkpt lat="23.20459254768059" lon="113.38654832901831">
        <ele>54.2</ele>
        <time>2026-07-25T09:47:02Z</time>
        <extensions>
          <gpxtpx:TrackPointExtension>
            <gpxtpx:hr>154</gpxtpx:hr>
          </gpxtpx:TrackPointExtension>
        </extensions>
      </trkpt>
      <trkpt lat="23.204533550212407" lon="113.38659131710534">
        <ele>54.4</ele>
        <time>2026-07-25T09:47:04Z</time>
        <extensions>
          <gpxtpx:TrackPointExtension>
            <gpxtpx:hr>155</gpxtpx:hr>
          </gpxtpx:TrackPointExtension>
        </extensions>
      </trkpt>
      <trkpt lat="23.20449755491172" lon="113.38661031255242">
        <ele>54.4</ele>
        <time>2026-07-25T09:47:05Z</time>
        <extensions>
          <gpxtpx:TrackPointExtension>
            <gpxtpx:hr>155</gpxtpx:hr>
          </gpxtpx:TrackPointExtension>
        </extensions>
      </trkpt>
      <trkpt lat="23.204448553976754" lon="113.38665330007372">
        <ele>54.4</ele>
        <time>2026-07-25T09:47:07Z</time>
        <extensions>
          <gpxtpx:TrackPointExtension>
            <gpxtpx:hr>155</gpxtpx:hr>
          </gpxtpx:TrackPointExtension>
        </extensions>
      </trkpt>
      <trkpt lat="23.204387560408204" lon="113.38668929106764">
        <ele>54.4</ele>
        <time>2026-07-25T09:47:09Z</time>
        <extensions>
          <gpxtpx:TrackPointExtension>
            <gpxtpx:hr>155</gpxtpx:hr>
          </gpxtpx:TrackPointExtension>
        </extensions>
      </trkpt>
      <trkpt lat="23.204360562391486" lon="113.386707286346">
        <ele>54.4</ele>
        <time>2026-07-25T09:47:10Z</time>
        <extensions>
          <gpxtpx:TrackPointExtension>
            <gpxtpx:hr>155</gpxtpx:hr>
          </gpxtpx:TrackPointExtension>
        </extensions>
      </trkpt>
      <trkpt lat="23.204278564964866" lon="113.38677026907722">
        <ele>54.3</ele>
        <time>2026-07-25T09:47:13Z</time>
        <extensions>
          <gpxtpx:TrackPointExtension>
            <gpxtpx:hr>155</gpxtpx:hr>
          </gpxtpx:TrackPointExtension>
        </extensions>
      </trkpt>
      <trkpt lat="23.204248567238693" lon="113.38679026390663">
        <ele>54.3</ele>
        <time>2026-07-25T09:47:14Z</time>
        <extensions>
          <gpxtpx:TrackPointExtension>
            <gpxtpx:hr>155</gpxtpx:hr>
          </gpxtpx:TrackPointExtension>
        </extensions>
      </trkpt>
      <trkpt lat="23.20421557187187" lon="113.38680726004262">
        <ele>54.3</ele>
        <time>2026-07-25T09:47:15Z</time>
        <extensions>
          <gpxtpx:TrackPointExtension>
            <gpxtpx:hr>155</gpxtpx:hr>
          </gpxtpx:TrackPointExtension>
        </extensions>
      </trkpt>
      <trkpt lat="23.204177579574864" lon="113.38682125761584">
        <ele>54.3</ele>
        <time>2026-07-25T09:47:16Z</time>
        <extensions>
          <gpxtpx:TrackPointExtension>
            <gpxtpx:hr>155</gpxtpx:hr>
          </gpxtpx:TrackPointExtension>
        </extensions>
      </trkpt>
      <trkpt lat="23.204147587792807" lon="113.38682725752297">
        <ele>54.3</ele>
        <time>2026-07-25T09:47:17Z</time>
        <extensions>
          <gpxtpx:TrackPointExtension>
            <gpxtpx:hr>155</gpxtpx:hr>
          </gpxtpx:TrackPointExtension>
        </extensions>
      </trkpt>
      <trkpt lat="23.204126591945148" lon="113.38683525609332">
        <ele>54.3</ele>
        <time>2026-07-25T09:47:18Z</time>
        <extensions>
          <gpxtpx:TrackPointExtension>
            <gpxtpx:hr>154</gpxtpx:hr>
          </gpxtpx:TrackPointExtension>
        </extensions>
      </trkpt>
      <trkpt lat="23.204097595179515" lon="113.38685225198918">
        <ele>54.3</ele>
        <time>2026-07-25T09:47:19Z</time>
        <extensions>
          <gpxtpx:TrackPointExtension>
            <gpxtpx:hr>154</gpxtpx:hr>
          </gpxtpx:TrackPointExtension>
        </extensions>
      </trkpt>
      <trkpt lat="23.20405260164135" lon="113.38687524685474">
        <ele>54.3</ele>
        <time>2026-07-25T09:47:20Z</time>
        <extensions>
          <gpxtpx:TrackPointExtension>
            <gpxtpx:hr>154</gpxtpx:hr>
          </gpxtpx:TrackPointExtension>
        </extensions>
      </trkpt>
      <trkpt lat="23.204008609024616" lon="113.38689524274521">
        <ele>54.3</ele>
        <time>2026-07-25T09:47:22Z</time>
        <extensions>
          <gpxtpx:TrackPointExtension>
            <gpxtpx:hr>154</gpxtpx:hr>
          </gpxtpx:TrackPointExtension>
        </extensions>
      </trkpt>
      <trkpt lat="23.203972616485768" lon="113.38690824059348">
        <ele>53.6</ele>
        <time>2026-07-25T09:47:23Z</time>
        <extensions>
          <gpxtpx:TrackPointExtension>
            <gpxtpx:hr>155</gpxtpx:hr>
          </gpxtpx:TrackPointExtension>
        </extensions>
      </trkpt>
      <trkpt lat="23.20393762485002" lon="113.38691823944687">
        <ele>53.6</ele>
        <time>2026-07-25T09:47:24Z</time>
        <extensions>
          <gpxtpx:TrackPointExtension>
            <gpxtpx:hr>155</gpxtpx:hr>
          </gpxtpx:TrackPointExtension>
        </extensions>
      </trkpt>
      <trkpt lat="23.20390163399534" lon="113.38692723872872">
        <ele>53.6</ele>
        <time>2026-07-25T09:47:25Z</time>
        <extensions>
          <gpxtpx:TrackPointExtension>
            <gpxtpx:hr>155</gpxtpx:hr>
          </gpxtpx:TrackPointExtension>
        </extensions>
      </trkpt>
      <trkpt lat="23.203865643979416" lon="113.38693423872365">
        <ele>53.6</ele>
        <time>2026-07-25T09:47:26Z</time>
        <extensions>
          <gpxtpx:TrackPointExtension>
            <gpxtpx:hr>155</gpxtpx:hr>
          </gpxtpx:TrackPointExtension>
        </extensions>
      </trkpt>
      <trkpt lat="23.203829654383476" lon="113.38694023907526">
        <ele>53.6</ele>
        <time>2026-07-25T09:47:27Z</time>
        <extensions>
          <gpxtpx:TrackPointExtension>
            <gpxtpx:hr>155</gpxtpx:hr>
          </gpxtpx:TrackPointExtension>
        </extensions>
      </trkpt>
      <trkpt lat="23.20379266598218" lon="113.38694424020576">
        <ele>53.6</ele>
        <time>2026-07-25T09:47:28Z</time>
        <extensions>
          <gpxtpx:TrackPointExtension>
            <gpxtpx:hr>155</gpxtpx:hr>
          </gpxtpx:TrackPointExtension>
        </extensions>
      </trkpt>
      <trkpt lat="23.20375367871645" lon="113.38694724182884">
        <ele>53.6</ele>
        <time>2026-07-25T09:47:29Z</time>
        <extensions>
          <gpxtpx:TrackPointExtension>
            <gpxtpx:hr>155</gpxtpx:hr>
          </gpxtpx:TrackPointExtension>
        </extensions>
      </trkpt>
      <trkpt lat="23.203714692285512" lon="113.38694824416035">
        <ele>53.6</ele>
        <time>2026-07-25T09:47:30Z</time>
        <extensions>
          <gpxtpx:TrackPointExtension>
            <gpxtpx:hr>155</gpxtpx:hr>
          </gpxtpx:TrackPointExtension>
        </extensions>
      </trkpt>
      <trkpt lat="23.203675706272396" lon="113.38694824684595">
        <ele>53.6</ele>
        <time>2026-07-25T09:47:31Z</time>
        <extensions>
          <gpxtpx:TrackPointExtension>
            <gpxtpx:hr>155</gpxtpx:hr>
          </gpxtpx:TrackPointExtension>
        </extensions>
      </trkpt>
      <trkpt lat="23.203601734481776" lon="113.38694425335828">
        <ele>53.9</ele>
        <time>2026-07-25T09:47:33Z</time>
        <extensions>
          <gpxtpx:TrackPointExtension>
            <gpxtpx:hr>155</gpxtpx:hr>
          </gpxtpx:TrackPointExtension>
        </extensions>
      </trkpt>
      <trkpt lat="23.203530762453674" lon="113.38693826037371">
        <ele>53.9</ele>
        <time>2026-07-25T09:47:35Z</time>
        <extensions>
          <gpxtpx:TrackPointExtension>
            <gpxtpx:hr>155</gpxtpx:hr>
          </gpxtpx:TrackPointExtension>
        </extensions>
      </trkpt>
      <trkpt lat="23.20349577584496" lon="113.38693626349297">
        <ele>53.9</ele>
        <time>2026-07-25T09:47:36Z</time>
        <extensions>
          <gpxtpx:TrackPointExtension>
            <gpxtpx:hr>155</gpxtpx:hr>
          </gpxtpx:TrackPointExtension>
        </extensions>
      </trkpt>
      <trkpt lat="23.203460791741687" lon="113.38692826874149">
        <ele>53.9</ele>
        <time>2026-07-25T09:47:37Z</time>
        <extensions>
          <gpxtpx:TrackPointExtension>
            <gpxtpx:hr>155</gpxtpx:hr>
          </gpxtpx:TrackPointExtension>
        </extensions>
      </trkpt>
      <trkpt lat="23.20342280579451" lon="113.3869272717132">
        <ele>53.9</ele>
        <time>2026-07-25T09:47:38Z</time>
        <extensions>
          <gpxtpx:TrackPointExtension>
            <gpxtpx:hr>154</gpxtpx:hr>
          </gpxtpx:TrackPointExtension>
        </extensions>
      </trkpt>
      <trkpt lat="23.203385815732798" lon="113.38693527142227">
        <ele>53.9</ele>
        <time>2026-07-25T09:47:40Z</time>
        <extensions>
          <gpxtpx:TrackPointExtension>
            <gpxtpx:hr>154</gpxtpx:hr>
          </gpxtpx:TrackPointExtension>
        </extensions>
      </trkpt>
      <trkpt lat="23.20334782770156" lon="113.3869392726207">
        <ele>53.9</ele>
        <time>2026-07-25T09:47:41Z</time>
        <extensions>
          <gpxtpx:TrackPointExtension>
            <gpxtpx:hr>154</gpxtpx:hr>
          </gpxtpx:TrackPointExtension>
        </extensions>
      </trkpt>
      <trkpt lat="23.203309840922923" lon="113.38694027488293">
        <ele>53.9</ele>
        <time>2026-07-25T09:47:42Z</time>
        <extensions>
          <gpxtpx:TrackPointExtension>
            <gpxtpx:hr>154</gpxtpx:hr>
          </gpxtpx:TrackPointExtension>
        </extensions>
      </trkpt>
      <trkpt lat="23.20325385643878" lon="113.38695127484318">
        <ele>55.1</ele>
        <time>2026-07-25T09:47:44Z</time>
        <extensions>
          <gpxtpx:TrackPointExtension>
            <gpxtpx:hr>154</gpxtpx:hr>
          </gpxtpx:TrackPointExtension>
        </extensions>
      </trkpt>
      <trkpt lat="23.203229869221804" lon="113.38694128003733">
        <ele>55.1</ele>
        <time>2026-07-25T09:47:45Z</time>
        <extensions>
          <gpxtpx:TrackPointExtension>
            <gpxtpx:hr>154</gpxtpx:hr>
          </gpxtpx:TrackPointExtension>
        </extensions>
      </trkpt>
      <trkpt lat="23.203201883445374" lon="113.38693128551155">
        <ele>55.1</ele>
        <time>2026-07-25T09:47:46Z</time>
        <extensions>
          <gpxtpx:TrackPointExtension>
            <gpxtpx:hr>154</gpxtpx:hr>
          </gpxtpx:TrackPointExtension>
        </extensions>
      </trkpt>
      <trkpt lat="23.20317289469151" lon="113.38692928821828">
        <ele>55.1</ele>
        <time>2026-07-25T09:47:47Z</time>
        <extensions>
          <gpxtpx:TrackPointExtension>
            <gpxtpx:hr>154</gpxtpx:hr>
          </gpxtpx:TrackPointExtension>
        </extensions>
      </trkpt>
      <trkpt lat="23.203144903909454" lon="113.38693128943656">
        <ele>55.1</ele>
        <time>2026-07-25T09:47:48Z</time>
        <extensions>
          <gpxtpx:TrackPointExtension>
            <gpxtpx:hr>155</gpxtpx:hr>
          </gpxtpx:TrackPointExtension>
        </extensions>
      </trkpt>
      <trkpt lat="23.203087923541187" lon="113.38693329265196">
        <ele>55.1</ele>
        <time>2026-07-25T09:47:50Z</time>
        <extensions>
          <gpxtpx:TrackPointExtension>
            <gpxtpx:hr>155</gpxtpx:hr>
          </gpxtpx:TrackPointExtension>
        </extensions>
      </trkpt>
      <trkpt lat="23.20305693509039" lon="113.38693229514139">
        <ele>55.1</ele>
        <time>2026-07-25T09:47:51Z</time>
        <extensions>
          <gpxtpx:TrackPointExtension>
            <gpxtpx:hr>155</gpxtpx:hr>
          </gpxtpx:TrackPointExtension>
        </extensions>
      </trkpt>
      <trkpt lat="23.20302694795113" lon="113.38692729898175">
        <ele>55.1</ele>
        <time>2026-07-25T09:47:52Z</time>
        <extensions>
          <gpxtpx:TrackPointExtension>
            <gpxtpx:hr>155</gpxtpx:hr>
          </gpxtpx:TrackPointExtension>
        </extensions>
      </trkpt>
      <trkpt lat="23.203000958541516" lon="113.38692430183738">
        <ele>55.3</ele>
        <time>2026-07-25T09:47:53Z</time>
        <extensions>
          <gpxtpx:TrackPointExtension>
            <gpxtpx:hr>155</gpxtpx:hr>
          </gpxtpx:TrackPointExtension>
        </extensions>
      </trkpt>
      <trkpt lat="23.20297996608371" lon="113.38692430328344">
        <ele>55.3</ele>
        <time>2026-07-25T09:47:54Z</time>
        <extensions>
          <gpxtpx:TrackPointExtension>
            <gpxtpx:hr>155</gpxtpx:hr>
          </gpxtpx:TrackPointExtension>
        </extensions>
      </trkpt>
      <trkpt lat="23.202956971421788" lon="113.38693130238215">
        <ele>55.3</ele>
        <time>2026-07-25T09:47:55Z</time>
        <extensions>
          <gpxtpx:TrackPointExtension>
            <gpxtpx:hr>155</gpxtpx:hr>
          </gpxtpx:TrackPointExtension>
        </extensions>
      </trkpt>
      <trkpt lat="23.202915982810786" lon="113.38693930236809">
        <ele>55.3</ele>
        <time>2026-07-25T09:47:56Z</time>
        <extensions>
          <gpxtpx:TrackPointExtension>
            <gpxtpx:hr>155</gpxtpx:hr>
          </gpxtpx:TrackPointExtension>
        </extensions>
      </trkpt>
      <trkpt lat="23.202870998141762" lon="113.38694130475791">
        <ele>55.3</ele>
        <time>2026-07-25T09:47:58Z</time>
        <extensions>
          <gpxtpx:TrackPointExtension>
            <gpxtpx:hr>155</gpxtpx:hr>
          </gpxtpx:TrackPointExtension>
        </extensions>
      </trkpt>
      <trkpt lat="23.202837005772004" lon="113.38695230320371">
        <ele>55.3</ele>
        <time>2026-07-25T09:47:59Z</time>
        <extensions>
          <gpxtpx:TrackPointExtension>
            <gpxtpx:hr>155</gpxtpx:hr>
          </gpxtpx:TrackPointExtension>
        </extensions>
      </trkpt>
      <trkpt lat="23.202812008926486" lon="113.38696629997548">
        <ele>55.3</ele>
        <time>2026-07-25T09:48:00Z</time>
        <extensions>
          <gpxtpx:TrackPointExtension>
            <gpxtpx:hr>155</gpxtpx:hr>
          </gpxtpx:TrackPointExtension>
        </extensions>
      </trkpt>
      <trkpt lat="23.202791016055645" lon="113.38696730106832">
        <ele>55.3</ele>
        <time>2026-07-25T09:48:01Z</time>
        <extensions>
          <gpxtpx:TrackPointExtension>
            <gpxtpx:hr>155</gpxtpx:hr>
          </gpxtpx:TrackPointExtension>
        </extensions>
      </trkpt>
      <trkpt lat="23.20276602711836" lon="113.38696230455628">
        <ele>55.3</ele>
        <time>2026-07-25T09:48:02Z</time>
        <extensions>
          <gpxtpx:TrackPointExtension>
            <gpxtpx:hr>155</gpxtpx:hr>
          </gpxtpx:TrackPointExtension>
        </extensions>
      </trkpt>
      <trkpt lat="23.202736037482065" lon="113.38696330626865">
        <ele>55.7</ele>
        <time>2026-07-25T09:48:03Z</time>
        <extensions>
          <gpxtpx:TrackPointExtension>
            <gpxtpx:hr>155</gpxtpx:hr>
          </gpxtpx:TrackPointExtension>
        </extensions>
      </trkpt>
      <trkpt lat="23.202707046239194" lon="113.38696730685245">
        <ele>55.7</ele>
        <time>2026-07-25T09:48:04Z</time>
        <extensions>
          <gpxtpx:TrackPointExtension>
            <gpxtpx:hr>155</gpxtpx:hr>
          </gpxtpx:TrackPointExtension>
        </extensions>
      </trkpt>
      <trkpt lat="23.202658059691633" lon="113.38697730669705">
        <ele>55.7</ele>
        <time>2026-07-25T09:48:06Z</time>
        <extensions>
          <gpxtpx:TrackPointExtension>
            <gpxtpx:hr>155</gpxtpx:hr>
          </gpxtpx:TrackPointExtension>
        </extensions>
      </trkpt>
      <trkpt lat="23.20261107118604" lon="113.38699030535199">
        <ele>55.7</ele>
        <time>2026-07-25T09:48:08Z</time>
        <extensions>
          <gpxtpx:TrackPointExtension>
            <gpxtpx:hr>155</gpxtpx:hr>
          </gpxtpx:TrackPointExtension>
        </extensions>
      </trkpt>
      <trkpt lat="23.202556085564776" lon="113.38700330456561">
        <ele>55.7</ele>
        <time>2026-07-25T09:48:10Z</time>
        <extensions>
          <gpxtpx:TrackPointExtension>
            <gpxtpx:hr>155</gpxtpx:hr>
          </gpxtpx:TrackPointExtension>
        </extensions>
      </trkpt>
      <trkpt lat="23.202526093863398" lon="113.3870093045231">
        <ele>55.7</ele>
        <time>2026-07-25T09:48:11Z</time>
        <extensions>
          <gpxtpx:TrackPointExtension>
            <gpxtpx:hr>155</gpxtpx:hr>
          </gpxtpx:TrackPointExtension>
        </extensions>
      </trkpt>
      <trkpt lat="23.2024961025781" lon="113.38701430483326">
        <ele>55.7</ele>
        <time>2026-07-25T09:48:12Z</time>
        <extensions>
          <gpxtpx:TrackPointExtension>
            <gpxtpx:hr>155</gpxtpx:hr>
          </gpxtpx:TrackPointExtension>
        </extensions>
      </trkpt>
      <trkpt lat="23.20246611088076" lon="113.3870203047938">
        <ele>55.2</ele>
        <time>2026-07-25T09:48:13Z</time>
        <extensions>
          <gpxtpx:TrackPointExtension>
            <gpxtpx:hr>155</gpxtpx:hr>
          </gpxtpx:TrackPointExtension>
        </extensions>
      </trkpt>
      <trkpt lat="23.202436120012578" lon="113.387024305457">
        <ele>55.2</ele>
        <time>2026-07-25T09:48:14Z</time>
        <extensions>
          <gpxtpx:TrackPointExtension>
            <gpxtpx:hr>155</gpxtpx:hr>
          </gpxtpx:TrackPointExtension>
        </extensions>
      </trkpt>
      <trkpt lat="23.202221187833153" lon="113.3870473122112">
        <ele>55.2</ele>
        <time>2026-07-25T09:48:21Z</time>
        <extensions>
          <gpxtpx:TrackPointExtension>
            <gpxtpx:hr>155</gpxtpx:hr>
          </gpxtpx:TrackPointExtension>
        </extensions>
      </trkpt>
      <trkpt lat="23.20216020688976" lon="113.38705431396629">
        <ele>55.0</ele>
        <time>2026-07-25T09:48:23Z</time>
        <extensions>
          <gpxtpx:TrackPointExtension>
            <gpxtpx:hr>155</gpxtpx:hr>
          </gpxtpx:TrackPointExtension>
        </extensions>
      </trkpt>
      <trkpt lat="23.202128215929235" lon="113.38706031407564">
        <ele>55.0</ele>
        <time>2026-07-25T09:48:24Z</time>
        <extensions>
          <gpxtpx:TrackPointExtension>
            <gpxtpx:hr>155</gpxtpx:hr>
          </gpxtpx:TrackPointExtension>
        </extensions>
      </trkpt>
      <trkpt lat="23.20209822507504" lon="113.38706431474623">
        <ele>55.0</ele>
        <time>2026-07-25T09:48:25Z</time>
        <extensions>
          <gpxtpx:TrackPointExtension>
            <gpxtpx:hr>155</gpxtpx:hr>
          </gpxtpx:TrackPointExtension>
        </extensions>
      </trkpt>
      <trkpt lat="23.202068234633902" lon="113.38706731576607">
        <ele>55.0</ele>
        <time>2026-07-25T09:48:26Z</time>
        <extensions>
          <gpxtpx:TrackPointExtension>
            <gpxtpx:hr>155</gpxtpx:hr>
          </gpxtpx:TrackPointExtension>
        </extensions>
      </trkpt>
      <trkpt lat="23.202039243010752" lon="113.38707231602075">
        <ele>55.0</ele>
        <time>2026-07-25T09:48:27Z</time>
        <extensions>
          <gpxtpx:TrackPointExtension>
            <gpxtpx:hr>155</gpxtpx:hr>
          </gpxtpx:TrackPointExtension>
        </extensions>
      </trkpt>
      <trkpt lat="23.202010250155368" lon="113.38708031523251">
        <ele>55.0</ele>
        <time>2026-07-25T09:48:28Z</time>
        <extensions>
          <gpxtpx:TrackPointExtension>
            <gpxtpx:hr>155</gpxtpx:hr>
          </gpxtpx:TrackPointExtension>
        </extensions>
      </trkpt>
      <trkpt lat="23.201981256481538" lon="113.38709031375217">
        <ele>55.0</ele>
        <time>2026-07-25T09:48:29Z</time>
        <extensions>
          <gpxtpx:TrackPointExtension>
            <gpxtpx:hr>155</gpxtpx:hr>
          </gpxtpx:TrackPointExtension>
        </extensions>
      </trkpt>
      <trkpt lat="23.20195026271156" lon="113.3871023117202">
        <ele>55.0</ele>
        <time>2026-07-25T09:48:30Z</time>
        <extensions>
          <gpxtpx:TrackPointExtension>
            <gpxtpx:hr>155</gpxtpx:hr>
          </gpxtpx:TrackPointExtension>
        </extensions>
      </trkpt>
      <trkpt lat="23.201918272588056" lon="113.38710631253628">
        <ele>55.0</ele>
        <time>2026-07-25T09:48:31Z</time>
        <extensions>
          <gpxtpx:TrackPointExtension>
            <gpxtpx:hr>155</gpxtpx:hr>
          </gpxtpx:TrackPointExtension>
        </extensions>
      </trkpt>
      <trkpt lat="23.201886280006793" lon="113.38711631127453">
        <ele>55.0</ele>
        <time>2026-07-25T09:48:32Z</time>
        <extensions>
          <gpxtpx:TrackPointExtension>
            <gpxtpx:hr>155</gpxtpx:hr>
          </gpxtpx:TrackPointExtension>
        </extensions>
      </trkpt>
      <trkpt lat="23.201824284337068" lon="113.38716030035192">
        <ele>55.2</ele>
        <time>2026-07-25T09:48:35Z</time>
        <extensions>
          <gpxtpx:TrackPointExtension>
            <gpxtpx:hr>155</gpxtpx:hr>
          </gpxtpx:TrackPointExtension>
        </extensions>
      </trkpt>
      <trkpt lat="23.201792287707452" lon="113.38718029567961">
        <ele>55.2</ele>
        <time>2026-07-25T09:48:36Z</time>
        <extensions>
          <gpxtpx:TrackPointExtension>
            <gpxtpx:hr>155</gpxtpx:hr>
          </gpxtpx:TrackPointExtension>
        </extensions>
      </trkpt>
      <trkpt lat="23.201662303697884" lon="113.38725627867225">
        <ele>55.2</ele>
        <time>2026-07-25T09:48:41Z</time>
        <extensions>
          <gpxtpx:TrackPointExtension>
            <gpxtpx:hr>156</gpxtpx:hr>
          </gpxtpx:TrackPointExtension>
        </extensions>
      </trkpt>
      <trkpt lat="23.20163430571109" lon="113.38727627381347">
        <ele>55.2</ele>
        <time>2026-07-25T09:48:42Z</time>
        <extensions>
          <gpxtpx:TrackPointExtension>
            <gpxtpx:hr>156</gpxtpx:hr>
          </gpxtpx:TrackPointExtension>
        </extensions>
      </trkpt>
      <trkpt lat="23.201607311003436" lon="113.38728727194777">
        <ele>55.0</ele>
        <time>2026-07-25T09:48:43Z</time>
        <extensions>
          <gpxtpx:TrackPointExtension>
            <gpxtpx:hr>154</gpxtpx:hr>
          </gpxtpx:TrackPointExtension>
        </extensions>
      </trkpt>
      <trkpt lat="23.201585316511927" lon="113.38729327143325">
        <ele>55.0</ele>
        <time>2026-07-25T09:48:44Z</time>
        <extensions>
          <gpxtpx:TrackPointExtension>
            <gpxtpx:hr>154</gpxtpx:hr>
          </gpxtpx:TrackPointExtension>
        </extensions>
      </trkpt>
      <trkpt lat="23.201574314040823" lon="113.38730926678721">
        <ele>55.0</ele>
        <time>2026-07-25T09:48:45Z</time>
        <extensions>
          <gpxtpx:TrackPointExtension>
            <gpxtpx:hr>154</gpxtpx:hr>
          </gpxtpx:TrackPointExtension>
        </extensions>
      </trkpt>
      <trkpt lat="23.201561309093584" lon="113.38733325959939">
        <ele>55.0</ele>
        <time>2026-07-25T09:48:46Z</time>
        <extensions>
          <gpxtpx:TrackPointExtension>
            <gpxtpx:hr>154</gpxtpx:hr>
          </gpxtpx:TrackPointExtension>
        </extensions>
      </trkpt>
      <trkpt lat="23.201541307891198" lon="113.38735425392584">
        <ele>55.0</ele>
        <time>2026-07-25T09:48:47Z</time>
        <extensions>
          <gpxtpx:TrackPointExtension>
            <gpxtpx:hr>154</gpxtpx:hr>
          </gpxtpx:TrackPointExtension>
        </extensions>
      </trkpt>
      <trkpt lat="23.201478311041942" lon="113.38740324189173">
        <ele>55.0</ele>
        <time>2026-07-25T09:48:50Z</time>
        <extensions>
          <gpxtpx:TrackPointExtension>
            <gpxtpx:hr>154</gpxtpx:hr>
          </gpxtpx:TrackPointExtension>
        </extensions>
      </trkpt>
      <trkpt lat="23.20146031275558" lon="113.38741523913863">
        <ele>55.0</ele>
        <time>2026-07-25T09:48:52Z</time>
        <extensions>
          <gpxtpx:TrackPointExtension>
            <gpxtpx:hr>154</gpxtpx:hr>
          </gpxtpx:TrackPointExtension>
        </extensions>
      </trkpt>
      <trkpt lat="23.20144231526918" lon="113.38742523705606">
        <ele>55.0</ele>
        <time>2026-07-25T09:48:54Z</time>
        <extensions>
          <gpxtpx:TrackPointExtension>
            <gpxtpx:hr>153</gpxtpx:hr>
          </gpxtpx:TrackPointExtension>
        </extensions>
      </trkpt>
      <trkpt lat="23.20143531501373" lon="113.38743223521543">
        <ele>55.0</ele>
        <time>2026-07-25T09:48:55Z</time>
        <extensions>
          <gpxtpx:TrackPointExtension>
            <gpxtpx:hr>153</gpxtpx:hr>
          </gpxtpx:TrackPointExtension>
        </extensions>
      </trkpt>
      <trkpt lat="23.201435309465026" lon="113.38744623057698">
        <ele>55.0</ele>
        <time>2026-07-25T09:48:57Z</time>
        <extensions>
          <gpxtpx:TrackPointExtension>
            <gpxtpx:hr>153</gpxtpx:hr>
          </gpxtpx:TrackPointExtension>
        </extensions>
      </trkpt>
      <trkpt lat="23.2014273064113" lon="113.38746122616814">
        <ele>55.0</ele>
        <time>2026-07-25T09:49:00Z</time>
        <extensions>
          <gpxtpx:TrackPointExtension>
            <gpxtpx:hr>152</gpxtpx:hr>
          </gpxtpx:TrackPointExtension>
        </extensions>
      </trkpt>
      <trkpt lat="23.201422306631386" lon="113.38746522519162">
        <ele>55.0</ele>
        <time>2026-07-25T09:49:01Z</time>
        <extensions>
          <gpxtpx:TrackPointExtension>
            <gpxtpx:hr>152</gpxtpx:hr>
          </gpxtpx:TrackPointExtension>
        </extensions>
      </trkpt>
      <trkpt lat="23.201401311826864" lon="113.38747122465777">
        <ele>55.0</ele>
        <time>2026-07-25T09:49:03Z</time>
        <extensions>
          <gpxtpx:TrackPointExtension>
            <gpxtpx:hr>151</gpxtpx:hr>
          </gpxtpx:TrackPointExtension>
        </extensions>
      </trkpt>
      <trkpt lat="23.201384315188143" lon="113.38747822352065">
        <ele>55.0</ele>
        <time>2026-07-25T09:49:05Z</time>
        <extensions>
          <gpxtpx:TrackPointExtension>
            <gpxtpx:hr>151</gpxtpx:hr>
          </gpxtpx:TrackPointExtension>
        </extensions>
      </trkpt>
      <trkpt lat="23.201349319126038" lon="113.38750021869268">
        <ele>55.0</ele>
        <time>2026-07-25T09:49:07Z</time>
        <extensions>
          <gpxtpx:TrackPointExtension>
            <gpxtpx:hr>151</gpxtpx:hr>
          </gpxtpx:TrackPointExtension>
        </extensions>
      </trkpt>
      <trkpt lat="23.201302320736342" lon="113.38753920915326">
        <ele>55.0</ele>
        <time>2026-07-25T09:49:10Z</time>
        <extensions>
          <gpxtpx:TrackPointExtension>
            <gpxtpx:hr>149</gpxtpx:hr>
          </gpxtpx:TrackPointExtension>
        </extensions>
      </trkpt>
      <trkpt lat="23.201269325185272" lon="113.38755820522705">
        <ele>55.0</ele>
        <time>2026-07-25T09:49:13Z</time>
        <extensions>
          <gpxtpx:TrackPointExtension>
            <gpxtpx:hr>147</gpxtpx:hr>
          </gpxtpx:TrackPointExtension>
        </extensions>
      </trkpt>
      <trkpt lat="23.201264326595922" lon="113.38755920524558">
        <ele>55.0</ele>
        <time>2026-07-25T09:49:14Z</time>
        <extensions>
          <gpxtpx:TrackPointExtension>
            <gpxtpx:hr>147</gpxtpx:hr>
          </gpxtpx:TrackPointExtension>
        </extensions>
      </trkpt>
      <trkpt lat="23.201255325146406" lon="113.38757120195964">
        <ele>55.0</ele>
        <time>2026-07-25T09:49:22Z</time>
        <extensions>
          <gpxtpx:TrackPointExtension>
            <gpxtpx:hr>144</gpxtpx:hr>
          </gpxtpx:TrackPointExtension>
        </extensions>
      </trkpt>
      <trkpt lat="23.20125432550682" lon="113.38757120202851">
        <ele>55.5</ele>
        <time>2026-07-25T09:49:25Z</time>
        <extensions>
          <gpxtpx:TrackPointExtension>
            <gpxtpx:hr>140</gpxtpx:hr>
          </gpxtpx:TrackPointExtension>
        </extensions>
      </trkpt>
      <trkpt lat="23.20125432550682" lon="113.38757120202851">
        <ele>55.5</ele>
        <time>2026-07-25T09:49:26Z</time>
        <extensions>
          <gpxtpx:TrackPointExtension>
            <gpxtpx:hr>140</gpxtpx:hr>
          </gpxtpx:TrackPointExtension>
        </extensions>
      </trkpt>
      <trkpt lat="23.201250325776112" lon="113.38757420132856">
        <ele>55.5</ele>
        <time>2026-07-25T09:49:32Z</time>
        <extensions>
          <gpxtpx:TrackPointExtension>
            <gpxtpx:hr>138</gpxtpx:hr>
          </gpxtpx:TrackPointExtension>
        </extensions>
      </trkpt>
      <trkpt lat="23.201175335268772" lon="113.38761919191253">
        <ele>55.1</ele>
        <time>2026-07-25T09:49:40Z</time>
        <extensions>
          <gpxtpx:TrackPointExtension>
            <gpxtpx:hr>137</gpxtpx:hr>
          </gpxtpx:TrackPointExtension>
        </extensions>
      </trkpt>
      <trkpt lat="23.201159337926875" lon="113.38762719043206">
        <ele>55.1</ele>
        <time>2026-07-25T09:49:41Z</time>
        <extensions>
          <gpxtpx:TrackPointExtension>
            <gpxtpx:hr>137</gpxtpx:hr>
          </gpxtpx:TrackPointExtension>
        </extensions>
      </trkpt>
      <trkpt lat="23.20110734929848" lon="113.38764618789179">
        <ele>55.0</ele>
        <time>2026-07-25T09:49:44Z</time>
        <extensions>
          <gpxtpx:TrackPointExtension>
            <gpxtpx:hr>135</gpxtpx:hr>
          </gpxtpx:TrackPointExtension>
        </extensions>
      </trkpt>
      <trkpt lat="23.201060355790105" lon="113.38767318245891">
        <ele>55.0</ele>
        <time>2026-07-25T09:49:47Z</time>
        <extensions>
          <gpxtpx:TrackPointExtension>
            <gpxtpx:hr>135</gpxtpx:hr>
          </gpxtpx:TrackPointExtension>
        </extensions>
      </trkpt>
      <trkpt lat="23.201032358162056" lon="113.38769317798716">
        <ele>55.0</ele>
        <time>2026-07-25T09:49:49Z</time>
        <extensions>
          <gpxtpx:TrackPointExtension>
            <gpxtpx:hr>133</gpxtpx:hr>
          </gpxtpx:TrackPointExtension>
        </extensions>
      </trkpt>
      <trkpt lat="23.201016360846452" lon="113.38770117653418">
        <ele>55.0</ele>
        <time>2026-07-25T09:49:50Z</time>
        <extensions>
          <gpxtpx:TrackPointExtension>
            <gpxtpx:hr>133</gpxtpx:hr>
          </gpxtpx:TrackPointExtension>
        </extensions>
      </trkpt>
      <trkpt lat="23.20100036430399" lon="113.38770717572181">
        <ele>55.0</ele>
        <time>2026-07-25T09:49:51Z</time>
        <extensions>
          <gpxtpx:TrackPointExtension>
            <gpxtpx:hr>133</gpxtpx:hr>
          </gpxtpx:TrackPointExtension>
        </extensions>
      </trkpt>
      <trkpt lat="23.20093838012008" lon="113.38772417457683">
        <ele>55.0</ele>
        <time>2026-07-25T09:49:55Z</time>
        <extensions>
          <gpxtpx:TrackPointExtension>
            <gpxtpx:hr>133</gpxtpx:hr>
          </gpxtpx:TrackPointExtension>
        </extensions>
      </trkpt>
      <trkpt lat="23.200898388016075" lon="113.38774117193044">
        <ele>55.0</ele>
        <time>2026-07-25T09:49:57Z</time>
        <extensions>
          <gpxtpx:TrackPointExtension>
            <gpxtpx:hr>133</gpxtpx:hr>
          </gpxtpx:TrackPointExtension>
        </extensions>
      </trkpt>
      <trkpt lat="23.200866392273642" lon="113.38776016811372">
        <ele>55.0</ele>
        <time>2026-07-25T09:49:59Z</time>
        <extensions>
          <gpxtpx:TrackPointExtension>
            <gpxtpx:hr>133</gpxtpx:hr>
          </gpxtpx:TrackPointExtension>
        </extensions>
      </trkpt>
      <trkpt lat="23.200845398316737" lon="113.38776416829445">
        <ele>55.0</ele>
        <time>2026-07-25T09:50:00Z</time>
        <extensions>
          <gpxtpx:TrackPointExtension>
            <gpxtpx:hr>133</gpxtpx:hr>
          </gpxtpx:TrackPointExtension>
        </extensions>
      </trkpt>
      <trkpt lat="23.200820406951856" lon="113.38776516969966">
        <ele>55.0</ele>
        <time>2026-07-25T09:50:01Z</time>
        <extensions>
          <gpxtpx:TrackPointExtension>
            <gpxtpx:hr>133</gpxtpx:hr>
          </gpxtpx:TrackPointExtension>
        </extensions>
      </trkpt>
      <trkpt lat="23.200744430161063" lon="113.38777617145765">
        <ele>55.3</ele>
        <time>2026-07-25T09:50:04Z</time>
        <extensions>
          <gpxtpx:TrackPointExtension>
            <gpxtpx:hr>133</gpxtpx:hr>
          </gpxtpx:TrackPointExtension>
        </extensions>
      </trkpt>
      <trkpt lat="23.20071643911643" lon="113.38777917243884">
        <ele>55.3</ele>
        <time>2026-07-25T09:50:05Z</time>
        <extensions>
          <gpxtpx:TrackPointExtension>
            <gpxtpx:hr>133</gpxtpx:hr>
          </gpxtpx:TrackPointExtension>
        </extensions>
      </trkpt>
      <trkpt lat="23.20068644917647" lon="113.38778117387356">
        <ele>55.3</ele>
        <time>2026-07-25T09:50:06Z</time>
        <extensions>
          <gpxtpx:TrackPointExtension>
            <gpxtpx:hr>133</gpxtpx:hr>
          </gpxtpx:TrackPointExtension>
        </extensions>
      </trkpt>
      <trkpt lat="23.200657459640613" lon="113.38778117587039">
        <ele>55.3</ele>
        <time>2026-07-25T09:50:07Z</time>
        <extensions>
          <gpxtpx:TrackPointExtension>
            <gpxtpx:hr>133</gpxtpx:hr>
          </gpxtpx:TrackPointExtension>
        </extensions>
      </trkpt>
      <trkpt lat="23.200628469723277" lon="113.38778217755181">
        <ele>55.3</ele>
        <time>2026-07-25T09:50:08Z</time>
        <extensions>
          <gpxtpx:TrackPointExtension>
            <gpxtpx:hr>133</gpxtpx:hr>
          </gpxtpx:TrackPointExtension>
        </extensions>
      </trkpt>
      <trkpt lat="23.20059947904262" lon="113.3877851786027">
        <ele>55.3</ele>
        <time>2026-07-25T09:50:09Z</time>
        <extensions>
          <gpxtpx:TrackPointExtension>
            <gpxtpx:hr>133</gpxtpx:hr>
          </gpxtpx:TrackPointExtension>
        </extensions>
      </trkpt>
      <trkpt lat="23.20050550419531" lon="113.38780817783685">
        <ele>55.3</ele>
        <time>2026-07-25T09:50:12Z</time>
        <extensions>
          <gpxtpx:TrackPointExtension>
            <gpxtpx:hr>133</gpxtpx:hr>
          </gpxtpx:TrackPointExtension>
        </extensions>
      </trkpt>
      <trkpt lat="23.20044152006656" lon="113.38782717628271">
        <ele>55.4</ele>
        <time>2026-07-25T09:50:14Z</time>
        <extensions>
          <gpxtpx:TrackPointExtension>
            <gpxtpx:hr>136</gpxtpx:hr>
          </gpxtpx:TrackPointExtension>
        </extensions>
      </trkpt>
      <trkpt lat="23.200420523088372" lon="113.38783917397255">
        <ele>55.4</ele>
        <time>2026-07-25T09:50:15Z</time>
        <extensions>
          <gpxtpx:TrackPointExtension>
            <gpxtpx:hr>136</gpxtpx:hr>
          </gpxtpx:TrackPointExtension>
        </extensions>
      </trkpt>
      <trkpt lat="23.200404526587278" lon="113.3878451731987">
        <ele>55.4</ele>
        <time>2026-07-25T09:50:16Z</time>
        <extensions>
          <gpxtpx:TrackPointExtension>
            <gpxtpx:hr>136</gpxtpx:hr>
          </gpxtpx:TrackPointExtension>
        </extensions>
      </trkpt>
      <trkpt lat="23.20037953789054" lon="113.38783917679564">
        <ele>55.4</ele>
        <time>2026-07-25T09:50:17Z</time>
        <extensions>
          <gpxtpx:TrackPointExtension>
            <gpxtpx:hr>136</gpxtpx:hr>
          </gpxtpx:TrackPointExtension>
        </extensions>
      </trkpt>
      <trkpt lat="23.20034755134328" lon="113.38783418056323">
        <ele>55.4</ele>
        <time>2026-07-25T09:50:18Z</time>
        <extensions>
          <gpxtpx:TrackPointExtension>
            <gpxtpx:hr>140</gpxtpx:hr>
          </gpxtpx:TrackPointExtension>
        </extensions>
      </trkpt>
      <trkpt lat="23.20031456249914" lon="113.38783618220964">
        <ele>55.4</ele>
        <time>2026-07-25T09:50:19Z</time>
        <extensions>
          <gpxtpx:TrackPointExtension>
            <gpxtpx:hr>140</gpxtpx:hr>
          </gpxtpx:TrackPointExtension>
        </extensions>
      </trkpt>
      <trkpt lat="23.20023358833312" lon="113.38784518497295">
        <ele>55.4</ele>
        <time>2026-07-25T09:50:22Z</time>
        <extensions>
          <gpxtpx:TrackPointExtension>
            <gpxtpx:hr>140</gpxtpx:hr>
          </gpxtpx:TrackPointExtension>
        </extensions>
      </trkpt>
      <trkpt lat="23.20009363094182" lon="113.38786618806144">
        <ele>55.3</ele>
        <time>2026-07-25T09:50:27Z</time>
        <extensions>
          <gpxtpx:TrackPointExtension>
            <gpxtpx:hr>142</gpxtpx:hr>
          </gpxtpx:TrackPointExtension>
        </extensions>
      </trkpt>
      <trkpt lat="23.20003864589374" lon="113.38787918780322">
        <ele>55.3</ele>
        <time>2026-07-25T09:50:29Z</time>
        <extensions>
          <gpxtpx:TrackPointExtension>
            <gpxtpx:hr>142</gpxtpx:hr>
          </gpxtpx:TrackPointExtension>
        </extensions>
      </trkpt>
      <trkpt lat="23.199886684225113" lon="113.38792318463601">
        <ele>55.0</ele>
        <time>2026-07-25T09:50:34Z</time>
        <extensions>
          <gpxtpx:TrackPointExtension>
            <gpxtpx:hr>144</gpxtpx:hr>
          </gpxtpx:TrackPointExtension>
        </extensions>
      </trkpt>
      <trkpt lat="23.19981070605523" lon="113.3879381852419">
        <ele>55.0</ele>
        <time>2026-07-25T09:50:36Z</time>
        <extensions>
          <gpxtpx:TrackPointExtension>
            <gpxtpx:hr>144</gpxtpx:hr>
          </gpxtpx:TrackPointExtension>
        </extensions>
      </trkpt>
      <trkpt lat="23.199771716774013" lon="113.38794718515601">
        <ele>55.0</ele>
        <time>2026-07-25T09:50:37Z</time>
        <extensions>
          <gpxtpx:TrackPointExtension>
            <gpxtpx:hr>144</gpxtpx:hr>
          </gpxtpx:TrackPointExtension>
        </extensions>
      </trkpt>
      <trkpt lat="23.199637755103872" lon="113.38797418609148">
        <ele>55.0</ele>
        <time>2026-07-25T09:50:41Z</time>
        <extensions>
          <gpxtpx:TrackPointExtension>
            <gpxtpx:hr>145</gpxtpx:hr>
          </gpxtpx:TrackPointExtension>
        </extensions>
      </trkpt>
      <trkpt lat="23.199612758537235" lon="113.38798918322142">
        <ele>55.0</ele>
        <time>2026-07-25T09:50:42Z</time>
        <extensions>
          <gpxtpx:TrackPointExtension>
            <gpxtpx:hr>145</gpxtpx:hr>
          </gpxtpx:TrackPointExtension>
        </extensions>
      </trkpt>
      <trkpt lat="23.1995967576077" lon="113.38800717882724">
        <ele>54.9</ele>
        <time>2026-07-25T09:50:43Z</time>
        <extensions>
          <gpxtpx:TrackPointExtension>
            <gpxtpx:hr>146</gpxtpx:hr>
          </gpxtpx:TrackPointExtension>
        </extensions>
      </trkpt>
      <trkpt lat="23.199579762637228" lon="113.38801017908325">
        <ele>54.9</ele>
        <time>2026-07-25T09:50:44Z</time>
        <extensions>
          <gpxtpx:TrackPointExtension>
            <gpxtpx:hr>146</gpxtpx:hr>
          </gpxtpx:TrackPointExtension>
        </extensions>
      </trkpt>
      <trkpt lat="23.199556770954633" lon="113.38801018066688">
        <ele>54.9</ele>
        <time>2026-07-25T09:50:45Z</time>
        <extensions>
          <gpxtpx:TrackPointExtension>
            <gpxtpx:hr>146</gpxtpx:hr>
          </gpxtpx:TrackPointExtension>
        </extensions>
      </trkpt>
      <trkpt lat="23.199529778112115" lon="113.3880171803937">
        <ele>54.9</ele>
        <time>2026-07-25T09:50:46Z</time>
        <extensions>
          <gpxtpx:TrackPointExtension>
            <gpxtpx:hr>146</gpxtpx:hr>
          </gpxtpx:TrackPointExtension>
        </extensions>
      </trkpt>
      <trkpt lat="23.199500785251633" lon="113.3880261796524">
        <ele>54.9</ele>
        <time>2026-07-25T09:50:47Z</time>
        <extensions>
          <gpxtpx:TrackPointExtension>
            <gpxtpx:hr>146</gpxtpx:hr>
          </gpxtpx:TrackPointExtension>
        </extensions>
      </trkpt>
      <trkpt lat="23.199469793861653" lon="113.38803317965986">
        <ele>54.9</ele>
        <time>2026-07-25T09:50:48Z</time>
        <extensions>
          <gpxtpx:TrackPointExtension>
            <gpxtpx:hr>147</gpxtpx:hr>
          </gpxtpx:TrackPointExtension>
        </extensions>
      </trkpt>
      <trkpt lat="23.19943580504514" lon="113.38803618109">
        <ele>54.9</ele>
        <time>2026-07-25T09:50:49Z</time>
        <extensions>
          <gpxtpx:TrackPointExtension>
            <gpxtpx:hr>147</gpxtpx:hr>
          </gpxtpx:TrackPointExtension>
        </extensions>
      </trkpt>
      <trkpt lat="23.199365831853623" lon="113.38803218712434">
        <ele>54.9</ele>
        <time>2026-07-25T09:50:51Z</time>
        <extensions>
          <gpxtpx:TrackPointExtension>
            <gpxtpx:hr>147</gpxtpx:hr>
          </gpxtpx:TrackPointExtension>
        </extensions>
      </trkpt>
      <trkpt lat="23.19932984302016" lon="113.38803718808494">
        <ele>54.9</ele>
        <time>2026-07-25T09:50:52Z</time>
        <extensions>
          <gpxtpx:TrackPointExtension>
            <gpxtpx:hr>147</gpxtpx:hr>
          </gpxtpx:TrackPointExtension>
        </extensions>
      </trkpt>
      <trkpt lat="23.199298849781997" lon="113.38804918658066">
        <ele>55.3</ele>
        <time>2026-07-25T09:50:53Z</time>
        <extensions>
          <gpxtpx:TrackPointExtension>
            <gpxtpx:hr>147</gpxtpx:hr>
          </gpxtpx:TrackPointExtension>
        </extensions>
      </trkpt>
      <trkpt lat="23.199273859569654" lon="113.38804718890796">
        <ele>55.3</ele>
        <time>2026-07-25T09:50:54Z</time>
        <extensions>
          <gpxtpx:TrackPointExtension>
            <gpxtpx:hr>147</gpxtpx:hr>
          </gpxtpx:TrackPointExtension>
        </extensions>
      </trkpt>
      <trkpt lat="23.19924687193767" lon="113.38804019288942">
        <ele>55.3</ele>
        <time>2026-07-25T09:50:55Z</time>
        <extensions>
          <gpxtpx:TrackPointExtension>
            <gpxtpx:hr>147</gpxtpx:hr>
          </gpxtpx:TrackPointExtension>
        </extensions>
      </trkpt>
      <trkpt lat="23.199202884149035" lon="113.38805019288762">
        <ele>55.3</ele>
        <time>2026-07-25T09:50:56Z</time>
        <extensions>
          <gpxtpx:TrackPointExtension>
            <gpxtpx:hr>147</gpxtpx:hr>
          </gpxtpx:TrackPointExtension>
        </extensions>
      </trkpt>
      <trkpt lat="23.19906091668312" lon="113.3881011872774">
        <ele>55.3</ele>
        <time>2026-07-25T09:51:01Z</time>
        <extensions>
          <gpxtpx:TrackPointExtension>
            <gpxtpx:hr>150</gpxtpx:hr>
          </gpxtpx:TrackPointExtension>
        </extensions>
      </trkpt>
      <trkpt lat="23.199033923508328" lon="113.38810918673371">
        <ele>55.3</ele>
        <time>2026-07-25T09:51:02Z</time>
        <extensions>
          <gpxtpx:TrackPointExtension>
            <gpxtpx:hr>150</gpxtpx:hr>
          </gpxtpx:TrackPointExtension>
        </extensions>
      </trkpt>
      <trkpt lat="23.19900493142891" lon="113.38811618663054">
        <ele>55.5</ele>
        <time>2026-07-25T09:51:03Z</time>
        <extensions>
          <gpxtpx:TrackPointExtension>
            <gpxtpx:hr>150</gpxtpx:hr>
          </gpxtpx:TrackPointExtension>
        </extensions>
      </trkpt>
      <trkpt lat="23.19897494008205" lon="113.38812218689802">
        <ele>55.5</ele>
        <time>2026-07-25T09:51:04Z</time>
        <extensions>
          <gpxtpx:TrackPointExtension>
            <gpxtpx:hr>150</gpxtpx:hr>
          </gpxtpx:TrackPointExtension>
        </extensions>
      </trkpt>
      <trkpt lat="23.19894394946707" lon="113.38812718753529">
        <ele>55.5</ele>
        <time>2026-07-25T09:51:05Z</time>
        <extensions>
          <gpxtpx:TrackPointExtension>
            <gpxtpx:hr>150</gpxtpx:hr>
          </gpxtpx:TrackPointExtension>
        </extensions>
      </trkpt>
      <trkpt lat="23.19891595740009" lon="113.38813318766815">
        <ele>55.5</ele>
        <time>2026-07-25T09:51:06Z</time>
        <extensions>
          <gpxtpx:TrackPointExtension>
            <gpxtpx:hr>150</gpxtpx:hr>
          </gpxtpx:TrackPointExtension>
        </extensions>
      </trkpt>
      <trkpt lat="23.198887966069613" lon="113.38813718840025">
        <ele>55.5</ele>
        <time>2026-07-25T09:51:07Z</time>
        <extensions>
          <gpxtpx:TrackPointExtension>
            <gpxtpx:hr>150</gpxtpx:hr>
          </gpxtpx:TrackPointExtension>
        </extensions>
      </trkpt>
      <trkpt lat="23.19885597692317" lon="113.38813919000594">
        <ele>55.5</ele>
        <time>2026-07-25T09:51:08Z</time>
        <extensions>
          <gpxtpx:TrackPointExtension>
            <gpxtpx:hr>150</gpxtpx:hr>
          </gpxtpx:TrackPointExtension>
        </extensions>
      </trkpt>
      <trkpt lat="23.1988289844988" lon="113.38814519007329">
        <ele>55.5</ele>
        <time>2026-07-25T09:51:09Z</time>
        <extensions>
          <gpxtpx:TrackPointExtension>
            <gpxtpx:hr>150</gpxtpx:hr>
          </gpxtpx:TrackPointExtension>
        </extensions>
      </trkpt>
      <trkpt lat="23.198809984049717" lon="113.38816518542137">
        <ele>55.5</ele>
        <time>2026-07-25T09:51:10Z</time>
        <extensions>
          <gpxtpx:TrackPointExtension>
            <gpxtpx:hr>150</gpxtpx:hr>
          </gpxtpx:TrackPointExtension>
        </extensions>
      </trkpt>
      <trkpt lat="23.19879798144762" lon="113.3881841806028">
        <ele>55.5</ele>
        <time>2026-07-25T09:51:11Z</time>
        <extensions>
          <gpxtpx:TrackPointExtension>
            <gpxtpx:hr>150</gpxtpx:hr>
          </gpxtpx:TrackPointExtension>
        </extensions>
      </trkpt>
      <trkpt lat="23.198770989765823" lon="113.38818818127557">
        <ele>55.5</ele>
        <time>2026-07-25T09:51:12Z</time>
        <extensions>
          <gpxtpx:TrackPointExtension>
            <gpxtpx:hr>150</gpxtpx:hr>
          </gpxtpx:TrackPointExtension>
        </extensions>
      </trkpt>
      <trkpt lat="23.19873300389498" lon="113.38818718418844">
        <ele>56.2</ele>
        <time>2026-07-25T09:51:13Z</time>
        <extensions>
          <gpxtpx:TrackPointExtension>
            <gpxtpx:hr>150</gpxtpx:hr>
          </gpxtpx:TrackPointExtension>
        </extensions>
      </trkpt>
      <trkpt lat="23.198684019089647" lon="113.38819418548775">
        <ele>56.2</ele>
        <time>2026-07-25T09:51:14Z</time>
        <extensions>
          <gpxtpx:TrackPointExtension>
            <gpxtpx:hr>150</gpxtpx:hr>
          </gpxtpx:TrackPointExtension>
        </extensions>
      </trkpt>
      <trkpt lat="23.198629034275086" lon="113.38820718542816">
        <ele>56.2</ele>
        <time>2026-07-25T09:51:16Z</time>
        <extensions>
          <gpxtpx:TrackPointExtension>
            <gpxtpx:hr>150</gpxtpx:hr>
          </gpxtpx:TrackPointExtension>
        </extensions>
      </trkpt>
      <trkpt lat="23.198588045124755" lon="113.38821818500254">
        <ele>56.2</ele>
        <time>2026-07-25T09:51:17Z</time>
        <extensions>
          <gpxtpx:TrackPointExtension>
            <gpxtpx:hr>150</gpxtpx:hr>
          </gpxtpx:TrackPointExtension>
        </extensions>
      </trkpt>
      <trkpt lat="23.19855605126617" lon="113.38823318278507">
        <ele>56.2</ele>
        <time>2026-07-25T09:51:18Z</time>
        <extensions>
          <gpxtpx:TrackPointExtension>
            <gpxtpx:hr>151</gpxtpx:hr>
          </gpxtpx:TrackPointExtension>
        </extensions>
      </trkpt>
      <trkpt lat="23.19853105415596" lon="113.3882501795089">
        <ele>56.2</ele>
        <time>2026-07-25T09:51:19Z</time>
        <extensions>
          <gpxtpx:TrackPointExtension>
            <gpxtpx:hr>151</gpxtpx:hr>
          </gpxtpx:TrackPointExtension>
        </extensions>
      </trkpt>
      <trkpt lat="23.19851206104109" lon="113.38825018081708">
        <ele>56.2</ele>
        <time>2026-07-25T09:51:20Z</time>
        <extensions>
          <gpxtpx:TrackPointExtension>
            <gpxtpx:hr>151</gpxtpx:hr>
          </gpxtpx:TrackPointExtension>
        </extensions>
      </trkpt>
      <trkpt lat="23.19848907227771" lon="113.38824218475074">
        <ele>56.2</ele>
        <time>2026-07-25T09:51:21Z</time>
        <extensions>
          <gpxtpx:TrackPointExtension>
            <gpxtpx:hr>151</gpxtpx:hr>
          </gpxtpx:TrackPointExtension>
        </extensions>
      </trkpt>
      <trkpt lat="23.198459084601808" lon="113.38823818799243">
        <ele>56.2</ele>
        <time>2026-07-25T09:51:22Z</time>
        <extensions>
          <gpxtpx:TrackPointExtension>
            <gpxtpx:hr>151</gpxtpx:hr>
          </gpxtpx:TrackPointExtension>
        </extensions>
      </trkpt>
      <trkpt lat="23.19842909583778" lon="113.38823719035214">
        <ele>57.4</ele>
        <time>2026-07-25T09:51:23Z</time>
        <extensions>
          <gpxtpx:TrackPointExtension>
            <gpxtpx:hr>152</gpxtpx:hr>
          </gpxtpx:TrackPointExtension>
        </extensions>
      </trkpt>
      <trkpt lat="23.19839910671134" lon="113.38823719241768">
        <ele>57.4</ele>
        <time>2026-07-25T09:51:24Z</time>
        <extensions>
          <gpxtpx:TrackPointExtension>
            <gpxtpx:hr>152</gpxtpx:hr>
          </gpxtpx:TrackPointExtension>
        </extensions>
      </trkpt>
      <trkpt lat="23.198369116133545" lon="113.38824119330688">
        <ele>57.4</ele>
        <time>2026-07-25T09:51:25Z</time>
        <extensions>
          <gpxtpx:TrackPointExtension>
            <gpxtpx:hr>152</gpxtpx:hr>
          </gpxtpx:TrackPointExtension>
        </extensions>
      </trkpt>
      <trkpt lat="23.198339124469005" lon="113.38824819331562">
        <ele>57.4</ele>
        <time>2026-07-25T09:51:26Z</time>
        <extensions>
          <gpxtpx:TrackPointExtension>
            <gpxtpx:hr>152</gpxtpx:hr>
          </gpxtpx:TrackPointExtension>
        </extensions>
      </trkpt>
      <trkpt lat="23.19830813353203" lon="113.38825419368887">
        <ele>57.4</ele>
        <time>2026-07-25T09:51:27Z</time>
        <extensions>
          <gpxtpx:TrackPointExtension>
            <gpxtpx:hr>152</gpxtpx:hr>
          </gpxtpx:TrackPointExtension>
        </extensions>
      </trkpt>
      <trkpt lat="23.1982481498541" lon="113.38826919342442">
        <ele>57.4</ele>
        <time>2026-07-25T09:51:29Z</time>
        <extensions>
          <gpxtpx:TrackPointExtension>
            <gpxtpx:hr>152</gpxtpx:hr>
          </gpxtpx:TrackPointExtension>
        </extensions>
      </trkpt>
      <trkpt lat="23.198216157480054" lon="113.38828019241096">
        <ele>57.4</ele>
        <time>2026-07-25T09:51:30Z</time>
        <extensions>
          <gpxtpx:TrackPointExtension>
            <gpxtpx:hr>152</gpxtpx:hr>
          </gpxtpx:TrackPointExtension>
        </extensions>
      </trkpt>
      <trkpt lat="23.198177170176923" lon="113.38828419392783">
        <ele>57.4</ele>
        <time>2026-07-25T09:51:31Z</time>
        <extensions>
          <gpxtpx:TrackPointExtension>
            <gpxtpx:hr>152</gpxtpx:hr>
          </gpxtpx:TrackPointExtension>
        </extensions>
      </trkpt>
      <trkpt lat="23.198138184319678" lon="113.38828419661301">
        <ele>57.4</ele>
        <time>2026-07-25T09:51:32Z</time>
        <extensions>
          <gpxtpx:TrackPointExtension>
            <gpxtpx:hr>152</gpxtpx:hr>
          </gpxtpx:TrackPointExtension>
        </extensions>
      </trkpt>
      <trkpt lat="23.198106194119735" lon="113.3882891973569">
        <ele>59.1</ele>
        <time>2026-07-25T09:51:34Z</time>
        <extensions>
          <gpxtpx:TrackPointExtension>
            <gpxtpx:hr>154</gpxtpx:hr>
          </gpxtpx:TrackPointExtension>
        </extensions>
      </trkpt>
      <trkpt lat="23.19804520867417" lon="113.38831019544035">
        <ele>59.1</ele>
        <time>2026-07-25T09:51:36Z</time>
        <extensions>
          <gpxtpx:TrackPointExtension>
            <gpxtpx:hr>154</gpxtpx:hr>
          </gpxtpx:TrackPointExtension>
        </extensions>
      </trkpt>
      <trkpt lat="23.197966228702192" lon="113.38833419391453">
        <ele>59.1</ele>
        <time>2026-07-25T09:51:39Z</time>
        <extensions>
          <gpxtpx:TrackPointExtension>
            <gpxtpx:hr>154</gpxtpx:hr>
          </gpxtpx:TrackPointExtension>
        </extensions>
      </trkpt>
      <trkpt lat="23.197925238195722" lon="113.38834919239794">
        <ele>59.1</ele>
        <time>2026-07-25T09:51:41Z</time>
        <extensions>
          <gpxtpx:TrackPointExtension>
            <gpxtpx:hr>154</gpxtpx:hr>
          </gpxtpx:TrackPointExtension>
        </extensions>
      </trkpt>
      <trkpt lat="23.197902242600467" lon="113.3883601908059">
        <ele>59.1</ele>
        <time>2026-07-25T09:51:42Z</time>
        <extensions>
          <gpxtpx:TrackPointExtension>
            <gpxtpx:hr>154</gpxtpx:hr>
          </gpxtpx:TrackPointExtension>
        </extensions>
      </trkpt>
      <trkpt lat="23.19787524703241" lon="113.38837518834362">
        <ele>60.5</ele>
        <time>2026-07-25T09:51:44Z</time>
        <extensions>
          <gpxtpx:TrackPointExtension>
            <gpxtpx:hr>155</gpxtpx:hr>
          </gpxtpx:TrackPointExtension>
        </extensions>
      </trkpt>
      <trkpt lat="23.197852249309584" lon="113.38839218504246">
        <ele>60.5</ele>
        <time>2026-07-25T09:51:45Z</time>
        <extensions>
          <gpxtpx:TrackPointExtension>
            <gpxtpx:hr>155</gpxtpx:hr>
          </gpxtpx:TrackPointExtension>
        </extensions>
      </trkpt>
      <trkpt lat="23.19781025173955" lon="113.38842817763465">
        <ele>60.5</ele>
        <time>2026-07-25T09:51:47Z</time>
        <extensions>
          <gpxtpx:TrackPointExtension>
            <gpxtpx:hr>155</gpxtpx:hr>
          </gpxtpx:TrackPointExtension>
        </extensions>
      </trkpt>
      <trkpt lat="23.19779125189523" lon="113.38844717353136">
        <ele>60.5</ele>
        <time>2026-07-25T09:51:48Z</time>
        <extensions>
          <gpxtpx:TrackPointExtension>
            <gpxtpx:hr>155</gpxtpx:hr>
          </gpxtpx:TrackPointExtension>
        </extensions>
      </trkpt>
      <trkpt lat="23.19776625459727" lon="113.38846517014157">
        <ele>60.5</ele>
        <time>2026-07-25T09:51:49Z</time>
        <extensions>
          <gpxtpx:TrackPointExtension>
            <gpxtpx:hr>155</gpxtpx:hr>
          </gpxtpx:TrackPointExtension>
        </extensions>
      </trkpt>
      <trkpt lat="23.19773825593361" lon="113.3884901649958">
        <ele>60.5</ele>
        <time>2026-07-25T09:51:50Z</time>
        <extensions>
          <gpxtpx:TrackPointExtension>
            <gpxtpx:hr>155</gpxtpx:hr>
          </gpxtpx:TrackPointExtension>
        </extensions>
      </trkpt>
      <trkpt lat="23.197718252987617" lon="113.38851915820408">
        <ele>60.5</ele>
        <time>2026-07-25T09:51:52Z</time>
        <extensions>
          <gpxtpx:TrackPointExtension>
            <gpxtpx:hr>155</gpxtpx:hr>
          </gpxtpx:TrackPointExtension>
        </extensions>
      </trkpt>
      <trkpt lat="23.197689240419987" lon="113.38858514175645">
        <ele>62.2</ele>
        <time>2026-07-25T09:51:54Z</time>
        <extensions>
          <gpxtpx:TrackPointExtension>
            <gpxtpx:hr>155</gpxtpx:hr>
          </gpxtpx:TrackPointExtension>
        </extensions>
      </trkpt>
      <trkpt lat="23.197668238300412" lon="113.38861313543903">
        <ele>62.2</ele>
        <time>2026-07-25T09:51:55Z</time>
        <extensions>
          <gpxtpx:TrackPointExtension>
            <gpxtpx:hr>155</gpxtpx:hr>
          </gpxtpx:TrackPointExtension>
        </extensions>
      </trkpt>
      <trkpt lat="23.197646238654784" lon="113.38863513087976">
        <ele>62.2</ele>
        <time>2026-07-25T09:51:56Z</time>
        <extensions>
          <gpxtpx:TrackPointExtension>
            <gpxtpx:hr>155</gpxtpx:hr>
          </gpxtpx:TrackPointExtension>
        </extensions>
      </trkpt>
      <trkpt lat="23.19763323679938" lon="113.38865412654732">
        <ele>62.2</ele>
        <time>2026-07-25T09:51:57Z</time>
        <extensions>
          <gpxtpx:TrackPointExtension>
            <gpxtpx:hr>155</gpxtpx:hr>
          </gpxtpx:TrackPointExtension>
        </extensions>
      </trkpt>
      <trkpt lat="23.197613226487316" lon="113.38870511397621">
        <ele>62.2</ele>
        <time>2026-07-25T09:51:59Z</time>
        <extensions>
          <gpxtpx:TrackPointExtension>
            <gpxtpx:hr>156</gpxtpx:hr>
          </gpxtpx:TrackPointExtension>
        </extensions>
      </trkpt>
      <trkpt lat="23.197596222715315" lon="113.3887341072697">
        <ele>62.2</ele>
        <time>2026-07-25T09:52:00Z</time>
        <extensions>
          <gpxtpx:TrackPointExtension>
            <gpxtpx:hr>156</gpxtpx:hr>
          </gpxtpx:TrackPointExtension>
        </extensions>
      </trkpt>
      <trkpt lat="23.197578221047646" lon="113.38875810201995">
        <ele>62.2</ele>
        <time>2026-07-25T09:52:01Z</time>
        <extensions>
          <gpxtpx:TrackPointExtension>
            <gpxtpx:hr>156</gpxtpx:hr>
          </gpxtpx:TrackPointExtension>
        </extensions>
      </trkpt>
      <trkpt lat="23.197543219798195" lon="113.38879909340662">
        <ele>62.3</ele>
        <time>2026-07-25T09:52:03Z</time>
        <extensions>
          <gpxtpx:TrackPointExtension>
            <gpxtpx:hr>156</gpxtpx:hr>
          </gpxtpx:TrackPointExtension>
        </extensions>
      </trkpt>
      <trkpt lat="23.19753221463967" lon="113.38882608694789">
        <ele>62.3</ele>
        <time>2026-07-25T09:52:04Z</time>
        <extensions>
          <gpxtpx:TrackPointExtension>
            <gpxtpx:hr>156</gpxtpx:hr>
          </gpxtpx:TrackPointExtension>
        </extensions>
      </trkpt>
      <trkpt lat="23.197527205647457" lon="113.38885807878395">
        <ele>62.3</ele>
        <time>2026-07-25T09:52:05Z</time>
        <extensions>
          <gpxtpx:TrackPointExtension>
            <gpxtpx:hr>156</gpxtpx:hr>
          </gpxtpx:TrackPointExtension>
        </extensions>
      </trkpt>
      <trkpt lat="23.197493183164944" lon="113.38896205380489">
        <ele>62.3</ele>
        <time>2026-07-25T09:52:08Z</time>
        <extensions>
          <gpxtpx:TrackPointExtension>
            <gpxtpx:hr>155</gpxtpx:hr>
          </gpxtpx:TrackPointExtension>
        </extensions>
      </trkpt>
      <trkpt lat="23.19746717536251" lon="113.38901404212525">
        <ele>62.3</ele>
        <time>2026-07-25T09:52:10Z</time>
        <extensions>
          <gpxtpx:TrackPointExtension>
            <gpxtpx:hr>155</gpxtpx:hr>
          </gpxtpx:TrackPointExtension>
        </extensions>
      </trkpt>
      <trkpt lat="23.19744317418129" lon="113.38904403606439">
        <ele>62.3</ele>
        <time>2026-07-25T09:52:11Z</time>
        <extensions>
          <gpxtpx:TrackPointExtension>
            <gpxtpx:hr>155</gpxtpx:hr>
          </gpxtpx:TrackPointExtension>
        </extensions>
      </trkpt>
      <trkpt lat="23.197433170251102" lon="113.38906703086799">
        <ele>62.3</ele>
        <time>2026-07-25T09:52:12Z</time>
        <extensions>
          <gpxtpx:TrackPointExtension>
            <gpxtpx:hr>155</gpxtpx:hr>
          </gpxtpx:TrackPointExtension>
        </extensions>
      </trkpt>
      <trkpt lat="23.197427163908838" lon="113.38909302465848">
        <ele>61.0</ele>
        <time>2026-07-25T09:52:13Z</time>
        <extensions>
          <gpxtpx:TrackPointExtension>
            <gpxtpx:hr>155</gpxtpx:hr>
          </gpxtpx:TrackPointExtension>
        </extensions>
      </trkpt>
      <trkpt lat="23.19734413136996" lon="113.38928698196064">
        <ele>61.0</ele>
        <time>2026-07-25T09:52:19Z</time>
        <extensions>
          <gpxtpx:TrackPointExtension>
            <gpxtpx:hr>155</gpxtpx:hr>
          </gpxtpx:TrackPointExtension>
        </extensions>
      </trkpt>
      <trkpt lat="23.19732312627028" lon="113.38932697364451">
        <ele>61.0</ele>
        <time>2026-07-25T09:52:21Z</time>
        <extensions>
          <gpxtpx:TrackPointExtension>
            <gpxtpx:hr>155</gpxtpx:hr>
          </gpxtpx:TrackPointExtension>
        </extensions>
      </trkpt>
      <trkpt lat="23.197273117924652" lon="113.38941095683185">
        <ele>60.4</ele>
        <time>2026-07-25T09:52:24Z</time>
        <extensions>
          <gpxtpx:TrackPointExtension>
            <gpxtpx:hr>156</gpxtpx:hr>
          </gpxtpx:TrackPointExtension>
        </extensions>
      </trkpt>
      <trkpt lat="23.19725611345539" lon="113.38944494989816">
        <ele>60.4</ele>
        <time>2026-07-25T09:52:25Z</time>
        <extensions>
          <gpxtpx:TrackPointExtension>
            <gpxtpx:hr>156</gpxtpx:hr>
          </gpxtpx:TrackPointExtension>
        </extensions>
      </trkpt>
      <trkpt lat="23.19724510716631" lon="113.38947794284175">
        <ele>60.4</ele>
        <time>2026-07-25T09:52:26Z</time>
        <extensions>
          <gpxtpx:TrackPointExtension>
            <gpxtpx:hr>156</gpxtpx:hr>
          </gpxtpx:TrackPointExtension>
        </extensions>
      </trkpt>
      <trkpt lat="23.197185062174583" lon="113.38969589664312">
        <ele>60.6</ele>
        <time>2026-07-25T09:52:34Z</time>
        <extensions>
          <gpxtpx:TrackPointExtension>
            <gpxtpx:hr>155</gpxtpx:hr>
          </gpxtpx:TrackPointExtension>
        </extensions>
      </trkpt>
      <trkpt lat="23.19713599510983" lon="113.38998283717424">
        <ele>59.3</ele>
        <time>2026-07-25T09:52:43Z</time>
        <extensions>
          <gpxtpx:TrackPointExtension>
            <gpxtpx:hr>155</gpxtpx:hr>
          </gpxtpx:TrackPointExtension>
        </extensions>
      </trkpt>
      <trkpt lat="23.197110981444606" lon="113.39006182228002">
        <ele>59.3</ele>
        <time>2026-07-25T09:52:46Z</time>
        <extensions>
          <gpxtpx:TrackPointExtension>
            <gpxtpx:hr>155</gpxtpx:hr>
          </gpxtpx:TrackPointExtension>
        </extensions>
      </trkpt>
      <trkpt lat="23.197088976029995" lon="113.39010881404953">
        <ele>59.3</ele>
        <time>2026-07-25T09:52:48Z</time>
        <extensions>
          <gpxtpx:TrackPointExtension>
            <gpxtpx:hr>154</gpxtpx:hr>
          </gpxtpx:TrackPointExtension>
        </extensions>
      </trkpt>
      <trkpt lat="23.19707697528016" lon="113.39012681117119">
        <ele>59.3</ele>
        <time>2026-07-25T09:52:49Z</time>
        <extensions>
          <gpxtpx:TrackPointExtension>
            <gpxtpx:hr>154</gpxtpx:hr>
          </gpxtpx:TrackPointExtension>
        </extensions>
      </trkpt>
      <trkpt lat="23.197052969877873" lon="113.39017680261357">
        <ele>59.3</ele>
        <time>2026-07-25T09:52:52Z</time>
        <extensions>
          <gpxtpx:TrackPointExtension>
            <gpxtpx:hr>154</gpxtpx:hr>
          </gpxtpx:TrackPointExtension>
        </extensions>
      </trkpt>
      <trkpt lat="23.19704296929552" lon="113.39019180026213">
        <ele>59.1</ele>
        <time>2026-07-25T09:52:53Z</time>
        <extensions>
          <gpxtpx:TrackPointExtension>
            <gpxtpx:hr>153</gpxtpx:hr>
          </gpxtpx:TrackPointExtension>
        </extensions>
      </trkpt>
      <trkpt lat="23.196930972483777" lon="113.39032678109304">
        <ele>59.1</ele>
        <time>2026-07-25T09:53:01Z</time>
        <extensions>
          <gpxtpx:TrackPointExtension>
            <gpxtpx:hr>151</gpxtpx:hr>
          </gpxtpx:TrackPointExtension>
        </extensions>
      </trkpt>
      <trkpt lat="23.196907973433365" lon="113.39035377740404">
        <ele>59.1</ele>
        <time>2026-07-25T09:53:02Z</time>
        <extensions>
          <gpxtpx:TrackPointExtension>
            <gpxtpx:hr>151</gpxtpx:hr>
          </gpxtpx:TrackPointExtension>
        </extensions>
      </trkpt>
      <trkpt lat="23.196878976595507" lon="113.39038077416271">
        <ele>58.5</ele>
        <time>2026-07-25T09:53:04Z</time>
        <extensions>
          <gpxtpx:TrackPointExtension>
            <gpxtpx:hr>150</gpxtpx:hr>
          </gpxtpx:TrackPointExtension>
        </extensions>
      </trkpt>
      <trkpt lat="23.1968619789612" lon="113.39039477263076">
        <ele>58.5</ele>
        <time>2026-07-25T09:53:05Z</time>
        <extensions>
          <gpxtpx:TrackPointExtension>
            <gpxtpx:hr>150</gpxtpx:hr>
          </gpxtpx:TrackPointExtension>
        </extensions>
      </trkpt>
      <trkpt lat="23.196848979881146" lon="113.39040877083269">
        <ele>58.5</ele>
        <time>2026-07-25T09:53:06Z</time>
        <extensions>
          <gpxtpx:TrackPointExtension>
            <gpxtpx:hr>150</gpxtpx:hr>
          </gpxtpx:TrackPointExtension>
        </extensions>
      </trkpt>
      <trkpt lat="23.196806976244595" lon="113.39047876039797">
        <ele>58.5</ele>
        <time>2026-07-25T09:53:09Z</time>
        <extensions>
          <gpxtpx:TrackPointExtension>
            <gpxtpx:hr>149</gpxtpx:hr>
          </gpxtpx:TrackPointExtension>
        </extensions>
      </trkpt>
      <trkpt lat="23.196771975593304" lon="113.39052875343104">
        <ele>58.5</ele>
        <time>2026-07-25T09:53:12Z</time>
        <extensions>
          <gpxtpx:TrackPointExtension>
            <gpxtpx:hr>149</gpxtpx:hr>
          </gpxtpx:TrackPointExtension>
        </extensions>
      </trkpt>
      <trkpt lat="23.196757976159873" lon="113.39054575123387">
        <ele>57.5</ele>
        <time>2026-07-25T09:53:13Z</time>
        <extensions>
          <gpxtpx:TrackPointExtension>
            <gpxtpx:hr>147</gpxtpx:hr>
          </gpxtpx:TrackPointExtension>
        </extensions>
      </trkpt>
      <trkpt lat="23.196688984066927" lon="113.39061074402453">
        <ele>57.5</ele>
        <time>2026-07-25T09:53:17Z</time>
        <extensions>
          <gpxtpx:TrackPointExtension>
            <gpxtpx:hr>147</gpxtpx:hr>
          </gpxtpx:TrackPointExtension>
        </extensions>
      </trkpt>
      <trkpt lat="23.196671984735836" lon="113.39063174137378">
        <ele>57.5</ele>
        <time>2026-07-25T09:53:18Z</time>
        <extensions>
          <gpxtpx:TrackPointExtension>
            <gpxtpx:hr>145</gpxtpx:hr>
          </gpxtpx:TrackPointExtension>
        </extensions>
      </trkpt>
      <trkpt lat="23.19655195341063" lon="113.39092469850421">
        <ele>56.3</ele>
        <time>2026-07-25T09:53:31Z</time>
        <extensions>
          <gpxtpx:TrackPointExtension>
            <gpxtpx:hr>145</gpxtpx:hr>
          </gpxtpx:TrackPointExtension>
        </extensions>
      </trkpt>
      <trkpt lat="23.196527949217447" lon="113.39097669150817">
        <ele>54.9</ele>
        <time>2026-07-25T09:53:33Z</time>
        <extensions>
          <gpxtpx:TrackPointExtension>
            <gpxtpx:hr>144</gpxtpx:hr>
          </gpxtpx:TrackPointExtension>
        </extensions>
      </trkpt>
      <trkpt lat="23.196519946201743" lon="113.39100068811074">
        <ele>54.9</ele>
        <time>2026-07-25T09:53:34Z</time>
        <extensions>
          <gpxtpx:TrackPointExtension>
            <gpxtpx:hr>144</gpxtpx:hr>
          </gpxtpx:TrackPointExtension>
        </extensions>
      </trkpt>
      <trkpt lat="23.19651694286469" lon="113.39101868537406">
        <ele>54.9</ele>
        <time>2026-07-25T09:53:35Z</time>
        <extensions>
          <gpxtpx:TrackPointExtension>
            <gpxtpx:hr>144</gpxtpx:hr>
          </gpxtpx:TrackPointExtension>
        </extensions>
      </trkpt>
      <trkpt lat="23.19651893429838" lon="113.391050680042">
        <ele>54.9</ele>
        <time>2026-07-25T09:53:38Z</time>
        <extensions>
          <gpxtpx:TrackPointExtension>
            <gpxtpx:hr>143</gpxtpx:hr>
          </gpxtpx:TrackPointExtension>
        </extensions>
      </trkpt>
      <trkpt lat="23.19651292262661" lon="113.39110767132333">
        <ele>54.9</ele>
        <time>2026-07-25T09:53:41Z</time>
        <extensions>
          <gpxtpx:TrackPointExtension>
            <gpxtpx:hr>143</gpxtpx:hr>
          </gpxtpx:TrackPointExtension>
        </extensions>
      </trkpt>
      <trkpt lat="23.196516914416375" lon="113.39113566661874">
        <ele>54.9</ele>
        <time>2026-07-25T09:53:42Z</time>
        <extensions>
          <gpxtpx:TrackPointExtension>
            <gpxtpx:hr>143</gpxtpx:hr>
          </gpxtpx:TrackPointExtension>
        </extensions>
      </trkpt>
      <trkpt lat="23.1965358938563" lon="113.39119265640926">
        <ele>55.1</ele>
        <time>2026-07-25T09:53:44Z</time>
        <extensions>
          <gpxtpx:TrackPointExtension>
            <gpxtpx:hr>141</gpxtpx:hr>
          </gpxtpx:TrackPointExtension>
        </extensions>
      </trkpt>
      <trkpt lat="23.196540884909894" lon="113.39122265144225">
        <ele>55.1</ele>
        <time>2026-07-25T09:53:45Z</time>
        <extensions>
          <gpxtpx:TrackPointExtension>
            <gpxtpx:hr>141</gpxtpx:hr>
          </gpxtpx:TrackPointExtension>
        </extensions>
      </trkpt>
      <trkpt lat="23.19654087829223" lon="113.39125064716634">
        <ele>55.1</ele>
        <time>2026-07-25T09:53:46Z</time>
        <extensions>
          <gpxtpx:TrackPointExtension>
            <gpxtpx:hr>141</gpxtpx:hr>
          </gpxtpx:TrackPointExtension>
        </extensions>
      </trkpt>
      <trkpt lat="23.19652285778093" lon="113.3913666310891">
        <ele>55.1</ele>
        <time>2026-07-25T09:53:50Z</time>
        <extensions>
          <gpxtpx:TrackPointExtension>
            <gpxtpx:hr>139</gpxtpx:hr>
          </gpxtpx:TrackPointExtension>
        </extensions>
      </trkpt>
      <trkpt lat="23.196524841685925" lon="113.39143362124167">
        <ele>54.8</ele>
        <time>2026-07-25T09:53:53Z</time>
        <extensions>
          <gpxtpx:TrackPointExtension>
            <gpxtpx:hr>138</gpxtpx:hr>
          </gpxtpx:TrackPointExtension>
        </extensions>
      </trkpt>
      <trkpt lat="23.196521838227195" lon="113.3914536185913">
        <ele>54.8</ele>
        <time>2026-07-25T09:53:54Z</time>
        <extensions>
          <gpxtpx:TrackPointExtension>
            <gpxtpx:hr>138</gpxtpx:hr>
          </gpxtpx:TrackPointExtension>
        </extensions>
      </trkpt>
      <trkpt lat="23.19651283674218" lon="113.39147461623172">
        <ele>54.8</ele>
        <time>2026-07-25T09:53:55Z</time>
        <extensions>
          <gpxtpx:TrackPointExtension>
            <gpxtpx:hr>138</gpxtpx:hr>
          </gpxtpx:TrackPointExtension>
        </extensions>
      </trkpt>
      <trkpt lat="23.196494838325126" lon="113.39149661437253">
        <ele>54.8</ele>
        <time>2026-07-25T09:53:56Z</time>
        <extensions>
          <gpxtpx:TrackPointExtension>
            <gpxtpx:hr>138</gpxtpx:hr>
          </gpxtpx:TrackPointExtension>
        </extensions>
      </trkpt>
      <trkpt lat="23.196415852963543" lon="113.39155961106657">
        <ele>54.8</ele>
        <time>2026-07-25T09:53:59Z</time>
        <extensions>
          <gpxtpx:TrackPointExtension>
            <gpxtpx:hr>136</gpxtpx:hr>
          </gpxtpx:TrackPointExtension>
        </extensions>
      </trkpt>
      <trkpt lat="23.19635986668435" lon="113.39158961082447">
        <ele>54.8</ele>
        <time>2026-07-25T09:54:01Z</time>
        <extensions>
          <gpxtpx:TrackPointExtension>
            <gpxtpx:hr>136</gpxtpx:hr>
          </gpxtpx:TrackPointExtension>
        </extensions>
      </trkpt>
      <trkpt lat="23.196334872468228" lon="113.39160461051296">
        <ele>54.8</ele>
        <time>2026-07-25T09:54:02Z</time>
        <extensions>
          <gpxtpx:TrackPointExtension>
            <gpxtpx:hr>136</gpxtpx:hr>
          </gpxtpx:TrackPointExtension>
        </extensions>
      </trkpt>
      <trkpt lat="23.19630187919568" lon="113.3916286095549">
        <ele>52.6</ele>
        <time>2026-07-25T09:54:04Z</time>
        <extensions>
          <gpxtpx:TrackPointExtension>
            <gpxtpx:hr>138</gpxtpx:hr>
          </gpxtpx:TrackPointExtension>
        </extensions>
      </trkpt>
      <trkpt lat="23.196310868478587" lon="113.3916626044061">
        <ele>52.6</ele>
        <time>2026-07-25T09:54:07Z</time>
        <extensions>
          <gpxtpx:TrackPointExtension>
            <gpxtpx:hr>138</gpxtpx:hr>
          </gpxtpx:TrackPointExtension>
        </extensions>
      </trkpt>
      <trkpt lat="23.196345773922317" lon="113.39205255399463">
        <ele>53.4</ele>
        <time>2026-07-25T09:54:18Z</time>
        <extensions>
          <gpxtpx:TrackPointExtension>
            <gpxtpx:hr>142</gpxtpx:hr>
          </gpxtpx:TrackPointExtension>
        </extensions>
      </trkpt>
      <trkpt lat="23.196358762367414" lon="113.39208654925945">
        <ele>53.4</ele>
        <time>2026-07-25T09:54:19Z</time>
        <extensions>
          <gpxtpx:TrackPointExtension>
            <gpxtpx:hr>142</gpxtpx:hr>
          </gpxtpx:TrackPointExtension>
        </extensions>
      </trkpt>
      <trkpt lat="23.19637075400957" lon="113.39210654620018">
        <ele>53.4</ele>
        <time>2026-07-25T09:54:20Z</time>
        <extensions>
          <gpxtpx:TrackPointExtension>
            <gpxtpx:hr>142</gpxtpx:hr>
          </gpxtpx:TrackPointExtension>
        </extensions>
      </trkpt>
      <trkpt lat="23.196367751722487" lon="113.39212354452374">
        <ele>53.4</ele>
        <time>2026-07-25T09:54:21Z</time>
        <extensions>
          <gpxtpx:TrackPointExtension>
            <gpxtpx:hr>142</gpxtpx:hr>
          </gpxtpx:TrackPointExtension>
        </extensions>
      </trkpt>
      <trkpt lat="23.196361750144316" lon="113.3921425428487">
        <ele>53.4</ele>
        <time>2026-07-25T09:54:22Z</time>
        <extensions>
          <gpxtpx:TrackPointExtension>
            <gpxtpx:hr>142</gpxtpx:hr>
          </gpxtpx:TrackPointExtension>
        </extensions>
      </trkpt>
      <trkpt lat="23.196364717799707" lon="113.39230352564168">
        <ele>53.8</ele>
        <time>2026-07-25T09:54:29Z</time>
        <extensions>
          <gpxtpx:TrackPointExtension>
            <gpxtpx:hr>147</gpxtpx:hr>
          </gpxtpx:TrackPointExtension>
        </extensions>
      </trkpt>
      <trkpt lat="23.19636671269806" lon="113.39232652317672">
        <ele>53.8</ele>
        <time>2026-07-25T09:54:30Z</time>
        <extensions>
          <gpxtpx:TrackPointExtension>
            <gpxtpx:hr>147</gpxtpx:hr>
          </gpxtpx:TrackPointExtension>
        </extensions>
      </trkpt>
      <trkpt lat="23.196364708697494" lon="113.39235152081356">
        <ele>53.8</ele>
        <time>2026-07-25T09:54:31Z</time>
        <extensions>
          <gpxtpx:TrackPointExtension>
            <gpxtpx:hr>147</gpxtpx:hr>
          </gpxtpx:TrackPointExtension>
        </extensions>
      </trkpt>
      <trkpt lat="23.196350700881318" lon="113.39242051503062">
        <ele>53.4</ele>
        <time>2026-07-25T09:54:34Z</time>
        <extensions>
          <gpxtpx:TrackPointExtension>
            <gpxtpx:hr>147</gpxtpx:hr>
          </gpxtpx:TrackPointExtension>
        </extensions>
      </trkpt>
      <trkpt lat="23.19633670079539" lon="113.39244851332185">
        <ele>53.4</ele>
        <time>2026-07-25T09:54:35Z</time>
        <extensions>
          <gpxtpx:TrackPointExtension>
            <gpxtpx:hr>147</gpxtpx:hr>
          </gpxtpx:TrackPointExtension>
        </extensions>
      </trkpt>
      <trkpt lat="23.196315703657437" lon="113.39247451231965">
        <ele>53.4</ele>
        <time>2026-07-25T09:54:36Z</time>
        <extensions>
          <gpxtpx:TrackPointExtension>
            <gpxtpx:hr>147</gpxtpx:hr>
          </gpxtpx:TrackPointExtension>
        </extensions>
      </trkpt>
      <trkpt lat="23.196309701089557" lon="113.39250051031705">
        <ele>53.4</ele>
        <time>2026-07-25T09:54:37Z</time>
        <extensions>
          <gpxtpx:TrackPointExtension>
            <gpxtpx:hr>147</gpxtpx:hr>
          </gpxtpx:TrackPointExtension>
        </extensions>
      </trkpt>
      <trkpt lat="23.196304661626186" lon="113.39273349046083">
        <ele>53.5</ele>
        <time>2026-07-25T09:54:47Z</time>
        <extensions>
          <gpxtpx:TrackPointExtension>
            <gpxtpx:hr>149</gpxtpx:hr>
          </gpxtpx:TrackPointExtension>
        </extensions>
      </trkpt>
      <trkpt lat="23.196289656663552" lon="113.3927944866358">
        <ele>53.5</ele>
        <time>2026-07-25T09:54:49Z</time>
        <extensions>
          <gpxtpx:TrackPointExtension>
            <gpxtpx:hr>149</gpxtpx:hr>
          </gpxtpx:TrackPointExtension>
        </extensions>
      </trkpt>
      <trkpt lat="23.19625165574209" lon="113.39288248255933">
        <ele>53.5</ele>
        <time>2026-07-25T09:54:52Z</time>
        <extensions>
          <gpxtpx:TrackPointExtension>
            <gpxtpx:hr>149</gpxtpx:hr>
          </gpxtpx:TrackPointExtension>
        </extensions>
      </trkpt>
      <trkpt lat="23.196230654335164" lon="113.39293748001128">
        <ele>52.4</ele>
        <time>2026-07-25T09:54:53Z</time>
        <extensions>
          <gpxtpx:TrackPointExtension>
            <gpxtpx:hr>150</gpxtpx:hr>
          </gpxtpx:TrackPointExtension>
        </extensions>
      </trkpt>
      <trkpt lat="23.19620765427022" lon="113.39298947795261">
        <ele>52.4</ele>
        <time>2026-07-25T09:54:55Z</time>
        <extensions>
          <gpxtpx:TrackPointExtension>
            <gpxtpx:hr>150</gpxtpx:hr>
          </gpxtpx:TrackPointExtension>
        </extensions>
      </trkpt>
      <trkpt lat="23.19619465354895" lon="113.39302347653654">
        <ele>52.4</ele>
        <time>2026-07-25T09:54:56Z</time>
        <extensions>
          <gpxtpx:TrackPointExtension>
            <gpxtpx:hr>150</gpxtpx:hr>
          </gpxtpx:TrackPointExtension>
        </extensions>
      </trkpt>
      <trkpt lat="23.196159627275954" lon="113.39327646349612">
        <ele>52.4</ele>
        <time>2026-07-25T09:55:02Z</time>
        <extensions>
          <gpxtpx:TrackPointExtension>
            <gpxtpx:hr>150</gpxtpx:hr>
          </gpxtpx:TrackPointExtension>
        </extensions>
      </trkpt>
      <trkpt lat="23.196133616911833" lon="113.39341245825548">
        <ele>51.1</ele>
        <time>2026-07-25T09:55:06Z</time>
        <extensions>
          <gpxtpx:TrackPointExtension>
            <gpxtpx:hr>151</gpxtpx:hr>
          </gpxtpx:TrackPointExtension>
        </extensions>
      </trkpt>
      <trkpt lat="23.196122615801446" lon="113.39344845730105">
        <ele>51.1</ele>
        <time>2026-07-25T09:55:07Z</time>
        <extensions>
          <gpxtpx:TrackPointExtension>
            <gpxtpx:hr>151</gpxtpx:hr>
          </gpxtpx:TrackPointExtension>
        </extensions>
      </trkpt>
      <trkpt lat="23.196108616119044" lon="113.39348245670568">
        <ele>51.1</ele>
        <time>2026-07-25T09:55:08Z</time>
        <extensions>
          <gpxtpx:TrackPointExtension>
            <gpxtpx:hr>151</gpxtpx:hr>
          </gpxtpx:TrackPointExtension>
        </extensions>
      </trkpt>
      <trkpt lat="23.196098614200935" lon="113.39352245563111">
        <ele>51.1</ele>
        <time>2026-07-25T09:55:10Z</time>
        <extensions>
          <gpxtpx:TrackPointExtension>
            <gpxtpx:hr>151</gpxtpx:hr>
          </gpxtpx:TrackPointExtension>
        </extensions>
      </trkpt>
      <trkpt lat="23.196091610987114" lon="113.39356445434493">
        <ele>51.1</ele>
        <time>2026-07-25T09:55:11Z</time>
        <extensions>
          <gpxtpx:TrackPointExtension>
            <gpxtpx:hr>151</gpxtpx:hr>
          </gpxtpx:TrackPointExtension>
        </extensions>
      </trkpt>
      <trkpt lat="23.195814589330773" lon="113.39465145732512">
        <ele>47.4</ele>
        <time>2026-07-25T09:55:46Z</time>
        <extensions>
          <gpxtpx:TrackPointExtension>
            <gpxtpx:hr>155</gpxtpx:hr>
          </gpxtpx:TrackPointExtension>
        </extensions>
      </trkpt>
      <trkpt lat="23.195791591062036" lon="113.39472745992495">
        <ele>47.4</ele>
        <time>2026-07-25T09:55:48Z</time>
        <extensions>
          <gpxtpx:TrackPointExtension>
            <gpxtpx:hr>154</gpxtpx:hr>
          </gpxtpx:TrackPointExtension>
        </extensions>
      </trkpt>
      <trkpt lat="23.19574660015566" lon="113.39481446453101">
        <ele>47.4</ele>
        <time>2026-07-25T09:55:50Z</time>
        <extensions>
          <gpxtpx:TrackPointExtension>
            <gpxtpx:hr>154</gpxtpx:hr>
          </gpxtpx:TrackPointExtension>
        </extensions>
      </trkpt>
      <trkpt lat="23.19572960254243" lon="113.3948614666689">
        <ele>47.4</ele>
        <time>2026-07-25T09:55:51Z</time>
        <extensions>
          <gpxtpx:TrackPointExtension>
            <gpxtpx:hr>154</gpxtpx:hr>
          </gpxtpx:TrackPointExtension>
        </extensions>
      </trkpt>
      <trkpt lat="23.195717603515874" lon="113.39490446847421">
        <ele>47.4</ele>
        <time>2026-07-25T09:55:52Z</time>
        <extensions>
          <gpxtpx:TrackPointExtension>
            <gpxtpx:hr>154</gpxtpx:hr>
          </gpxtpx:TrackPointExtension>
        </extensions>
      </trkpt>
      <trkpt lat="23.195708603324476" lon="113.3949494702147">
        <ele>46.4</ele>
        <time>2026-07-25T09:55:53Z</time>
        <extensions>
          <gpxtpx:TrackPointExtension>
            <gpxtpx:hr>155</gpxtpx:hr>
          </gpxtpx:TrackPointExtension>
        </extensions>
      </trkpt>
      <trkpt lat="23.195700597699734" lon="113.39506547410858">
        <ele>46.4</ele>
        <time>2026-07-25T09:55:55Z</time>
        <extensions>
          <gpxtpx:TrackPointExtension>
            <gpxtpx:hr>155</gpxtpx:hr>
          </gpxtpx:TrackPointExtension>
        </extensions>
      </trkpt>
      <trkpt lat="23.195669599211165" lon="113.39520948130361">
        <ele>46.4</ele>
        <time>2026-07-25T09:55:58Z</time>
        <extensions>
          <gpxtpx:TrackPointExtension>
            <gpxtpx:hr>155</gpxtpx:hr>
          </gpxtpx:TrackPointExtension>
        </extensions>
      </trkpt>
      <trkpt lat="23.195495634164956" lon="113.39574552099552">
        <ele>45.2</ele>
        <time>2026-07-25T09:56:17Z</time>
        <extensions>
          <gpxtpx:TrackPointExtension>
            <gpxtpx:hr>154</gpxtpx:hr>
          </gpxtpx:TrackPointExtension>
        </extensions>
      </trkpt>
      <trkpt lat="23.195481637253735" lon="113.39579552525872">
        <ele>45.2</ele>
        <time>2026-07-25T09:56:19Z</time>
        <extensions>
          <gpxtpx:TrackPointExtension>
            <gpxtpx:hr>154</gpxtpx:hr>
          </gpxtpx:TrackPointExtension>
        </extensions>
      </trkpt>
      <trkpt lat="23.19543464969521" lon="113.39592453757042">
        <ele>44.7</ele>
        <time>2026-07-25T09:56:23Z</time>
        <extensions>
          <gpxtpx:TrackPointExtension>
            <gpxtpx:hr>154</gpxtpx:hr>
          </gpxtpx:TrackPointExtension>
        </extensions>
      </trkpt>
      <trkpt lat="23.19540765672615" lon="113.39601354616457">
        <ele>44.7</ele>
        <time>2026-07-25T09:56:25Z</time>
        <extensions>
          <gpxtpx:TrackPointExtension>
            <gpxtpx:hr>154</gpxtpx:hr>
          </gpxtpx:TrackPointExtension>
        </extensions>
      </trkpt>
      <trkpt lat="23.195390661801053" lon="113.39605255040836">
        <ele>44.7</ele>
        <time>2026-07-25T09:56:26Z</time>
        <extensions>
          <gpxtpx:TrackPointExtension>
            <gpxtpx:hr>154</gpxtpx:hr>
          </gpxtpx:TrackPointExtension>
        </extensions>
      </trkpt>
      <trkpt lat="23.195372667412716" lon="113.39608755446906">
        <ele>44.7</ele>
        <time>2026-07-25T09:56:27Z</time>
        <extensions>
          <gpxtpx:TrackPointExtension>
            <gpxtpx:hr>154</gpxtpx:hr>
          </gpxtpx:TrackPointExtension>
        </extensions>
      </trkpt>
      <trkpt lat="23.19535767200931" lon="113.39612155829991">
        <ele>44.7</ele>
        <time>2026-07-25T09:56:28Z</time>
        <extensions>
          <gpxtpx:TrackPointExtension>
            <gpxtpx:hr>155</gpxtpx:hr>
          </gpxtpx:TrackPointExtension>
        </extensions>
      </trkpt>
      <trkpt lat="23.195344675880698" lon="113.3961575622192">
        <ele>44.7</ele>
        <time>2026-07-25T09:56:29Z</time>
        <extensions>
          <gpxtpx:TrackPointExtension>
            <gpxtpx:hr>155</gpxtpx:hr>
          </gpxtpx:TrackPointExtension>
        </extensions>
      </trkpt>
      <trkpt lat="23.19532168257999" lon="113.39623557057261">
        <ele>44.7</ele>
        <time>2026-07-25T09:56:31Z</time>
        <extensions>
          <gpxtpx:TrackPointExtension>
            <gpxtpx:hr>155</gpxtpx:hr>
          </gpxtpx:TrackPointExtension>
        </extensions>
      </trkpt>
      <trkpt lat="23.19531368480837" lon="113.39627157434828">
        <ele>44.7</ele>
        <time>2026-07-25T09:56:32Z</time>
        <extensions>
          <gpxtpx:TrackPointExtension>
            <gpxtpx:hr>155</gpxtpx:hr>
          </gpxtpx:TrackPointExtension>
        </extensions>
      </trkpt>
      <trkpt lat="23.195255702737015" lon="113.39652260258806">
        <ele>44.2</ele>
        <time>2026-07-25T09:56:40Z</time>
        <extensions>
          <gpxtpx:TrackPointExtension>
            <gpxtpx:hr>155</gpxtpx:hr>
          </gpxtpx:TrackPointExtension>
        </extensions>
      </trkpt>
      <trkpt lat="23.1952547028057" lon="113.39656960753979">
        <ele>44.2</ele>
        <time>2026-07-25T09:56:41Z</time>
        <extensions>
          <gpxtpx:TrackPointExtension>
            <gpxtpx:hr>155</gpxtpx:hr>
          </gpxtpx:TrackPointExtension>
        </extensions>
      </trkpt>
      <trkpt lat="23.19524570587653" lon="113.39662061358031">
        <ele>44.2</ele>
        <time>2026-07-25T09:56:42Z</time>
        <extensions>
          <gpxtpx:TrackPointExtension>
            <gpxtpx:hr>155</gpxtpx:hr>
          </gpxtpx:TrackPointExtension>
        </extensions>
      </trkpt>
      <trkpt lat="23.19520472073642" lon="113.39671162639233">
        <ele>44.4</ele>
        <time>2026-07-25T09:56:45Z</time>
        <extensions>
          <gpxtpx:TrackPointExtension>
            <gpxtpx:hr>155</gpxtpx:hr>
          </gpxtpx:TrackPointExtension>
        </extensions>
      </trkpt>
      <trkpt lat="23.195168734046973" lon="113.39678263694647">
        <ele>44.4</ele>
        <time>2026-07-25T09:56:47Z</time>
        <extensions>
          <gpxtpx:TrackPointExtension>
            <gpxtpx:hr>155</gpxtpx:hr>
          </gpxtpx:TrackPointExtension>
        </extensions>
      </trkpt>
      <trkpt lat="23.19515573894233" lon="113.39681464156196">
        <ele>44.4</ele>
        <time>2026-07-25T09:56:48Z</time>
        <extensions>
          <gpxtpx:TrackPointExtension>
            <gpxtpx:hr>155</gpxtpx:hr>
          </gpxtpx:TrackPointExtension>
        </extensions>
      </trkpt>
      <trkpt lat="23.194975821933053" lon="113.39758575878334">
        <ele>45.5</ele>
        <time>2026-07-25T09:57:17Z</time>
        <extensions>
          <gpxtpx:TrackPointExtension>
            <gpxtpx:hr>156</gpxtpx:hr>
          </gpxtpx:TrackPointExtension>
        </extensions>
      </trkpt>
      <trkpt lat="23.194976822690094" lon="113.39761376307096">
        <ele>45.5</ele>
        <time>2026-07-25T09:57:18Z</time>
        <extensions>
          <gpxtpx:TrackPointExtension>
            <gpxtpx:hr>155</gpxtpx:hr>
          </gpxtpx:TrackPointExtension>
        </extensions>
      </trkpt>
      <trkpt lat="23.19497982245957" lon="113.39763476615705">
        <ele>45.5</ele>
        <time>2026-07-25T09:57:19Z</time>
        <extensions>
          <gpxtpx:TrackPointExtension>
            <gpxtpx:hr>155</gpxtpx:hr>
          </gpxtpx:TrackPointExtension>
        </extensions>
      </trkpt>
      <trkpt lat="23.194922850433652" lon="113.39779379571597">
        <ele>45.4</ele>
        <time>2026-07-25T09:57:23Z</time>
        <extensions>
          <gpxtpx:TrackPointExtension>
            <gpxtpx:hr>157</gpxtpx:hr>
          </gpxtpx:TrackPointExtension>
        </extensions>
      </trkpt>
      <trkpt lat="23.194917853637243" lon="113.39782180070326">
        <ele>45.4</ele>
        <time>2026-07-25T09:57:24Z</time>
        <extensions>
          <gpxtpx:TrackPointExtension>
            <gpxtpx:hr>157</gpxtpx:hr>
          </gpxtpx:TrackPointExtension>
        </extensions>
      </trkpt>
      <trkpt lat="23.19491785484674" lon="113.3978458047137">
        <ele>45.4</ele>
        <time>2026-07-25T09:57:25Z</time>
        <extensions>
          <gpxtpx:TrackPointExtension>
            <gpxtpx:hr>157</gpxtpx:hr>
          </gpxtpx:TrackPointExtension>
        </extensions>
      </trkpt>
      <trkpt lat="23.19492685253793" lon="113.39786480728903">
        <ele>45.4</ele>
        <time>2026-07-25T09:57:26Z</time>
        <extensions>
          <gpxtpx:TrackPointExtension>
            <gpxtpx:hr>157</gpxtpx:hr>
          </gpxtpx:TrackPointExtension>
        </extensions>
      </trkpt>
      <trkpt lat="23.194940848262906" lon="113.39788080902937">
        <ele>45.4</ele>
        <time>2026-07-25T09:57:27Z</time>
        <extensions>
          <gpxtpx:TrackPointExtension>
            <gpxtpx:hr>157</gpxtpx:hr>
          </gpxtpx:TrackPointExtension>
        </extensions>
      </trkpt>
      <trkpt lat="23.195000828666227" lon="113.39792381222838">
        <ele>45.4</ele>
        <time>2026-07-25T09:57:30Z</time>
        <extensions>
          <gpxtpx:TrackPointExtension>
            <gpxtpx:hr>157</gpxtpx:hr>
          </gpxtpx:TrackPointExtension>
        </extensions>
      </trkpt>
      <trkpt lat="23.195046814092855" lon="113.39796381596167">
        <ele>45.4</ele>
        <time>2026-07-25T09:57:32Z</time>
        <extensions>
          <gpxtpx:TrackPointExtension>
            <gpxtpx:hr>157</gpxtpx:hr>
          </gpxtpx:TrackPointExtension>
        </extensions>
      </trkpt>
      <trkpt lat="23.19508080293431" lon="113.39798581744952">
        <ele>45.2</ele>
        <time>2026-07-25T09:57:34Z</time>
        <extensions>
          <gpxtpx:TrackPointExtension>
            <gpxtpx:hr>156</gpxtpx:hr>
          </gpxtpx:TrackPointExtension>
        </extensions>
      </trkpt>
      <trkpt lat="23.19510779354274" lon="113.39799381698867">
        <ele>45.2</ele>
        <time>2026-07-25T09:57:35Z</time>
        <extensions>
          <gpxtpx:TrackPointExtension>
            <gpxtpx:hr>156</gpxtpx:hr>
          </gpxtpx:TrackPointExtension>
        </extensions>
      </trkpt>
      <trkpt lat="23.19511879004893" lon="113.39800281780806">
        <ele>45.2</ele>
        <time>2026-07-25T09:57:36Z</time>
        <extensions>
          <gpxtpx:TrackPointExtension>
            <gpxtpx:hr>156</gpxtpx:hr>
          </gpxtpx:TrackPointExtension>
        </extensions>
      </trkpt>
      <trkpt lat="23.195123788980887" lon="113.39801581974844">
        <ele>45.2</ele>
        <time>2026-07-25T09:57:37Z</time>
        <extensions>
          <gpxtpx:TrackPointExtension>
            <gpxtpx:hr>156</gpxtpx:hr>
          </gpxtpx:TrackPointExtension>
        </extensions>
      </trkpt>
      <trkpt lat="23.19516977603161" lon="113.39807982794997">
        <ele>45.2</ele>
        <time>2026-07-25T09:57:40Z</time>
        <extensions>
          <gpxtpx:TrackPointExtension>
            <gpxtpx:hr>157</gpxtpx:hr>
          </gpxtpx:TrackPointExtension>
        </extensions>
      </trkpt>
      <trkpt lat="23.1951837724081" lon="113.39810383130136">
        <ele>45.2</ele>
        <time>2026-07-25T09:57:41Z</time>
        <extensions>
          <gpxtpx:TrackPointExtension>
            <gpxtpx:hr>157</gpxtpx:hr>
          </gpxtpx:TrackPointExtension>
        </extensions>
      </trkpt>
      <trkpt lat="23.195207766567982" lon="113.39814983799927">
        <ele>45.5</ele>
        <time>2026-07-25T09:57:43Z</time>
        <extensions>
          <gpxtpx:TrackPointExtension>
            <gpxtpx:hr>156</gpxtpx:hr>
          </gpxtpx:TrackPointExtension>
        </extensions>
      </trkpt>
      <trkpt lat="23.195222762458336" lon="113.39817084081326">
        <ele>45.5</ele>
        <time>2026-07-25T09:57:44Z</time>
        <extensions>
          <gpxtpx:TrackPointExtension>
            <gpxtpx:hr>156</gpxtpx:hr>
          </gpxtpx:TrackPointExtension>
        </extensions>
      </trkpt>
      <trkpt lat="23.195248753828306" lon="113.39818384141525">
        <ele>45.5</ele>
        <time>2026-07-25T09:57:45Z</time>
        <extensions>
          <gpxtpx:TrackPointExtension>
            <gpxtpx:hr>156</gpxtpx:hr>
          </gpxtpx:TrackPointExtension>
        </extensions>
      </trkpt>
      <trkpt lat="23.19527774391307" lon="113.39819384126429">
        <ele>45.5</ele>
        <time>2026-07-25T09:57:46Z</time>
        <extensions>
          <gpxtpx:TrackPointExtension>
            <gpxtpx:hr>156</gpxtpx:hr>
          </gpxtpx:TrackPointExtension>
        </extensions>
      </trkpt>
      <trkpt lat="23.19529073977078" lon="113.39820284203465">
        <ele>45.5</ele>
        <time>2026-07-25T09:57:47Z</time>
        <extensions>
          <gpxtpx:TrackPointExtension>
            <gpxtpx:hr>156</gpxtpx:hr>
          </gpxtpx:TrackPointExtension>
        </extensions>
      </trkpt>
      <trkpt lat="23.195304736143523" lon="113.3982248451587">
        <ele>45.5</ele>
        <time>2026-07-25T09:57:48Z</time>
        <extensions>
          <gpxtpx:TrackPointExtension>
            <gpxtpx:hr>156</gpxtpx:hr>
          </gpxtpx:TrackPointExtension>
        </extensions>
      </trkpt>
      <trkpt lat="23.195357720957336" lon="113.39828485277974">
        <ele>45.5</ele>
        <time>2026-07-25T09:57:50Z</time>
        <extensions>
          <gpxtpx:TrackPointExtension>
            <gpxtpx:hr>156</gpxtpx:hr>
          </gpxtpx:TrackPointExtension>
        </extensions>
      </trkpt>
      <trkpt lat="23.195393709960964" lon="113.3983148560027">
        <ele>45.5</ele>
        <time>2026-07-25T09:57:52Z</time>
        <extensions>
          <gpxtpx:TrackPointExtension>
            <gpxtpx:hr>156</gpxtpx:hr>
          </gpxtpx:TrackPointExtension>
        </extensions>
      </trkpt>
      <trkpt lat="23.195439694342234" lon="113.39833085589437">
        <ele>45.1</ele>
        <time>2026-07-25T09:57:53Z</time>
        <extensions>
          <gpxtpx:TrackPointExtension>
            <gpxtpx:hr>156</gpxtpx:hr>
          </gpxtpx:TrackPointExtension>
        </extensions>
      </trkpt>
      <trkpt lat="23.19548168070702" lon="113.39835385742194">
        <ele>45.1</ele>
        <time>2026-07-25T09:57:54Z</time>
        <extensions>
          <gpxtpx:TrackPointExtension>
            <gpxtpx:hr>156</gpxtpx:hr>
          </gpxtpx:TrackPointExtension>
        </extensions>
      </trkpt>
      <trkpt lat="23.19553766439668" lon="113.39840886424031">
        <ele>45.1</ele>
        <time>2026-07-25T09:57:56Z</time>
        <extensions>
          <gpxtpx:TrackPointExtension>
            <gpxtpx:hr>156</gpxtpx:hr>
          </gpxtpx:TrackPointExtension>
        </extensions>
      </trkpt>
      <trkpt lat="23.195592649450226" lon="113.39847487345938">
        <ele>45.1</ele>
        <time>2026-07-25T09:57:58Z</time>
        <extensions>
          <gpxtpx:TrackPointExtension>
            <gpxtpx:hr>156</gpxtpx:hr>
          </gpxtpx:TrackPointExtension>
        </extensions>
      </trkpt>
      <trkpt lat="23.195614643254814" lon="113.39849787652747">
        <ele>45.1</ele>
        <time>2026-07-25T09:57:59Z</time>
        <extensions>
          <gpxtpx:TrackPointExtension>
            <gpxtpx:hr>156</gpxtpx:hr>
          </gpxtpx:TrackPointExtension>
        </extensions>
      </trkpt>
      <trkpt lat="23.195640635544706" lon="113.39851987914531">
        <ele>45.1</ele>
        <time>2026-07-25T09:58:00Z</time>
        <extensions>
          <gpxtpx:TrackPointExtension>
            <gpxtpx:hr>156</gpxtpx:hr>
          </gpxtpx:TrackPointExtension>
        </extensions>
      </trkpt>
      <trkpt lat="23.195671625952794" lon="113.39854088124079">
        <ele>45.1</ele>
        <time>2026-07-25T09:58:01Z</time>
        <extensions>
          <gpxtpx:TrackPointExtension>
            <gpxtpx:hr>156</gpxtpx:hr>
          </gpxtpx:TrackPointExtension>
        </extensions>
      </trkpt>
      <trkpt lat="23.195723609557252" lon="113.39857188394431">
        <ele>45.3</ele>
        <time>2026-07-25T09:58:03Z</time>
        <extensions>
          <gpxtpx:TrackPointExtension>
            <gpxtpx:hr>157</gpxtpx:hr>
          </gpxtpx:TrackPointExtension>
        </extensions>
      </trkpt>
      <trkpt lat="23.19574060461347" lon="113.39858688583148">
        <ele>45.3</ele>
        <time>2026-07-25T09:58:04Z</time>
        <extensions>
          <gpxtpx:TrackPointExtension>
            <gpxtpx:hr>157</gpxtpx:hr>
          </gpxtpx:TrackPointExtension>
        </extensions>
      </trkpt>
      <trkpt lat="23.195756600297457" lon="113.3986048884137">
        <ele>45.3</ele>
        <time>2026-07-25T09:58:05Z</time>
        <extensions>
          <gpxtpx:TrackPointExtension>
            <gpxtpx:hr>157</gpxtpx:hr>
          </gpxtpx:TrackPointExtension>
        </extensions>
      </trkpt>
      <trkpt lat="23.195778593469207" lon="113.39861888977518">
        <ele>45.3</ele>
        <time>2026-07-25T09:58:06Z</time>
        <extensions>
          <gpxtpx:TrackPointExtension>
            <gpxtpx:hr>157</gpxtpx:hr>
          </gpxtpx:TrackPointExtension>
        </extensions>
      </trkpt>
      <trkpt lat="23.195808583307418" lon="113.39862788956363">
        <ele>45.3</ele>
        <time>2026-07-25T09:58:07Z</time>
        <extensions>
          <gpxtpx:TrackPointExtension>
            <gpxtpx:hr>157</gpxtpx:hr>
          </gpxtpx:TrackPointExtension>
        </extensions>
      </trkpt>
      <trkpt lat="23.195849568713783" lon="113.39863188756583">
        <ele>45.3</ele>
        <time>2026-07-25T09:58:08Z</time>
        <extensions>
          <gpxtpx:TrackPointExtension>
            <gpxtpx:hr>157</gpxtpx:hr>
          </gpxtpx:TrackPointExtension>
        </extensions>
      </trkpt>
      <trkpt lat="23.195893552686208" lon="113.39863188453606">
        <ele>45.3</ele>
        <time>2026-07-25T09:58:10Z</time>
        <extensions>
          <gpxtpx:TrackPointExtension>
            <gpxtpx:hr>157</gpxtpx:hr>
          </gpxtpx:TrackPointExtension>
        </extensions>
      </trkpt>
      <trkpt lat="23.195925541287895" lon="113.39863488295214">
        <ele>45.3</ele>
        <time>2026-07-25T09:58:11Z</time>
        <extensions>
          <gpxtpx:TrackPointExtension>
            <gpxtpx:hr>157</gpxtpx:hr>
          </gpxtpx:TrackPointExtension>
        </extensions>
      </trkpt>
      <trkpt lat="23.1959555310494" lon="113.39864288254068">
        <ele>45.3</ele>
        <time>2026-07-25T09:58:12Z</time>
        <extensions>
          <gpxtpx:TrackPointExtension>
            <gpxtpx:hr>157</gpxtpx:hr>
          </gpxtpx:TrackPointExtension>
        </extensions>
      </trkpt>
      <trkpt lat="23.19598752025914" lon="113.39865288240952">
        <ele>47.8</ele>
        <time>2026-07-25T09:58:13Z</time>
        <extensions>
          <gpxtpx:TrackPointExtension>
            <gpxtpx:hr>158</gpxtpx:hr>
          </gpxtpx:TrackPointExtension>
        </extensions>
      </trkpt>
      <trkpt lat="23.19601850957723" lon="113.39865988172846">
        <ele>47.8</ele>
        <time>2026-07-25T09:58:14Z</time>
        <extensions>
          <gpxtpx:TrackPointExtension>
            <gpxtpx:hr>158</gpxtpx:hr>
          </gpxtpx:TrackPointExtension>
        </extensions>
      </trkpt>
      <trkpt lat="23.19604749936494" lon="113.39866388056326">
        <ele>47.8</ele>
        <time>2026-07-25T09:58:15Z</time>
        <extensions>
          <gpxtpx:TrackPointExtension>
            <gpxtpx:hr>158</gpxtpx:hr>
          </gpxtpx:TrackPointExtension>
        </extensions>
      </trkpt>
      <trkpt lat="23.196075489169328" lon="113.39866387863522">
        <ele>47.8</ele>
        <time>2026-07-25T09:58:16Z</time>
        <extensions>
          <gpxtpx:TrackPointExtension>
            <gpxtpx:hr>158</gpxtpx:hr>
          </gpxtpx:TrackPointExtension>
        </extensions>
      </trkpt>
      <trkpt lat="23.196101479615393" lon="113.39866287663688">
        <ele>47.8</ele>
        <time>2026-07-25T09:58:17Z</time>
        <extensions>
          <gpxtpx:TrackPointExtension>
            <gpxtpx:hr>158</gpxtpx:hr>
          </gpxtpx:TrackPointExtension>
        </extensions>
      </trkpt>
      <trkpt lat="23.196126470339074" lon="113.39866087449957">
        <ele>47.8</ele>
        <time>2026-07-25T09:58:18Z</time>
        <extensions>
          <gpxtpx:TrackPointExtension>
            <gpxtpx:hr>157</gpxtpx:hr>
          </gpxtpx:TrackPointExtension>
        </extensions>
      </trkpt>
      <trkpt lat="23.196151461150265" lon="113.39865987257025">
        <ele>47.8</ele>
        <time>2026-07-25T09:58:19Z</time>
        <extensions>
          <gpxtpx:TrackPointExtension>
            <gpxtpx:hr>157</gpxtpx:hr>
          </gpxtpx:TrackPointExtension>
        </extensions>
      </trkpt>
      <trkpt lat="23.196177451771746" lon="113.39866087098775">
        <ele>47.8</ele>
        <time>2026-07-25T09:58:20Z</time>
        <extensions>
          <gpxtpx:TrackPointExtension>
            <gpxtpx:hr>157</gpxtpx:hr>
          </gpxtpx:TrackPointExtension>
        </extensions>
      </trkpt>
      <trkpt lat="23.196203442654973" lon="113.39866487002931">
        <ele>47.8</ele>
        <time>2026-07-25T09:58:21Z</time>
        <extensions>
          <gpxtpx:TrackPointExtension>
            <gpxtpx:hr>157</gpxtpx:hr>
          </gpxtpx:TrackPointExtension>
        </extensions>
      </trkpt>
      <trkpt lat="23.196231433073525" lon="113.39867186955895">
        <ele>47.8</ele>
        <time>2026-07-25T09:58:22Z</time>
        <extensions>
          <gpxtpx:TrackPointExtension>
            <gpxtpx:hr>157</gpxtpx:hr>
          </gpxtpx:TrackPointExtension>
        </extensions>
      </trkpt>
      <trkpt lat="23.196266420596196" lon="113.39867486777435">
        <ele>48.6</ele>
        <time>2026-07-25T09:58:23Z</time>
        <extensions>
          <gpxtpx:TrackPointExtension>
            <gpxtpx:hr>157</gpxtpx:hr>
          </gpxtpx:TrackPointExtension>
        </extensions>
      </trkpt>
      <trkpt lat="23.196297409137937" lon="113.3986728652227">
        <ele>48.6</ele>
        <time>2026-07-25T09:58:24Z</time>
        <extensions>
          <gpxtpx:TrackPointExtension>
            <gpxtpx:hr>157</gpxtpx:hr>
          </gpxtpx:TrackPointExtension>
        </extensions>
      </trkpt>
      <trkpt lat="23.196313403489707" lon="113.39867486453797">
        <ele>48.6</ele>
        <time>2026-07-25T09:58:25Z</time>
        <extensions>
          <gpxtpx:TrackPointExtension>
            <gpxtpx:hr>157</gpxtpx:hr>
          </gpxtpx:TrackPointExtension>
        </extensions>
      </trkpt>
      <trkpt lat="23.19634039480564" lon="113.39868786539428">
        <ele>48.6</ele>
        <time>2026-07-25T09:58:26Z</time>
        <extensions>
          <gpxtpx:TrackPointExtension>
            <gpxtpx:hr>157</gpxtpx:hr>
          </gpxtpx:TrackPointExtension>
        </extensions>
      </trkpt>
      <trkpt lat="23.196379381762664" lon="113.39870086543262">
        <ele>48.6</ele>
        <time>2026-07-25T09:58:28Z</time>
        <extensions>
          <gpxtpx:TrackPointExtension>
            <gpxtpx:hr>158</gpxtpx:hr>
          </gpxtpx:TrackPointExtension>
        </extensions>
      </trkpt>
      <trkpt lat="23.19644335972088" lon="113.39871486396832">
        <ele>48.6</ele>
        <time>2026-07-25T09:58:30Z</time>
        <extensions>
          <gpxtpx:TrackPointExtension>
            <gpxtpx:hr>158</gpxtpx:hr>
          </gpxtpx:TrackPointExtension>
        </extensions>
      </trkpt>
      <trkpt lat="23.196571315581462" lon="113.39874186085683">
        <ele>49.1</ele>
        <time>2026-07-25T09:58:35Z</time>
        <extensions>
          <gpxtpx:TrackPointExtension>
            <gpxtpx:hr>159</gpxtpx:hr>
          </gpxtpx:TrackPointExtension>
        </extensions>
      </trkpt>
      <trkpt lat="23.19662229793791" lon="113.39875185946617">
        <ele>49.1</ele>
        <time>2026-07-25T09:58:37Z</time>
        <extensions>
          <gpxtpx:TrackPointExtension>
            <gpxtpx:hr>159</gpxtpx:hr>
          </gpxtpx:TrackPointExtension>
        </extensions>
      </trkpt>
      <trkpt lat="23.19664828875428" lon="113.39875485831314">
        <ele>49.1</ele>
        <time>2026-07-25T09:58:38Z</time>
        <extensions>
          <gpxtpx:TrackPointExtension>
            <gpxtpx:hr>160</gpxtpx:hr>
          </gpxtpx:TrackPointExtension>
        </extensions>
      </trkpt>
      <trkpt lat="23.19670926693388" lon="113.3987588549631">
        <ele>49.1</ele>
        <time>2026-07-25T09:58:40Z</time>
        <extensions>
          <gpxtpx:TrackPointExtension>
            <gpxtpx:hr>160</gpxtpx:hr>
          </gpxtpx:TrackPointExtension>
        </extensions>
      </trkpt>
      <trkpt lat="23.196740256117494" lon="113.39876385389262">
        <ele>49.1</ele>
        <time>2026-07-25T09:58:41Z</time>
        <extensions>
          <gpxtpx:TrackPointExtension>
            <gpxtpx:hr>160</gpxtpx:hr>
          </gpxtpx:TrackPointExtension>
        </extensions>
      </trkpt>
      <trkpt lat="23.196772245122855" lon="113.39877085318102">
        <ele>49.1</ele>
        <time>2026-07-25T09:58:42Z</time>
        <extensions>
          <gpxtpx:TrackPointExtension>
            <gpxtpx:hr>160</gpxtpx:hr>
          </gpxtpx:TrackPointExtension>
        </extensions>
      </trkpt>
      <trkpt lat="23.196802235042703" lon="113.39877985303694">
        <ele>49.0</ele>
        <time>2026-07-25T09:58:43Z</time>
        <extensions>
          <gpxtpx:TrackPointExtension>
            <gpxtpx:hr>159</gpxtpx:hr>
          </gpxtpx:TrackPointExtension>
        </extensions>
      </trkpt>
      <trkpt lat="23.196840222521864" lon="113.3987938534176">
        <ele>49.0</ele>
        <time>2026-07-25T09:58:44Z</time>
        <extensions>
          <gpxtpx:TrackPointExtension>
            <gpxtpx:hr>159</gpxtpx:hr>
          </gpxtpx:TrackPointExtension>
        </extensions>
      </trkpt>
      <trkpt lat="23.196924195355326" lon="113.39882985538522">
        <ele>49.0</ele>
        <time>2026-07-25T09:58:48Z</time>
        <extensions>
          <gpxtpx:TrackPointExtension>
            <gpxtpx:hr>158</gpxtpx:hr>
          </gpxtpx:TrackPointExtension>
        </extensions>
      </trkpt>
      <trkpt lat="23.1969521859341" lon="113.39883785518845">
        <ele>49.0</ele>
        <time>2026-07-25T09:58:49Z</time>
        <extensions>
          <gpxtpx:TrackPointExtension>
            <gpxtpx:hr>158</gpxtpx:hr>
          </gpxtpx:TrackPointExtension>
        </extensions>
      </trkpt>
      <trkpt lat="23.19698217569417" lon="113.39884485464015">
        <ele>49.0</ele>
        <time>2026-07-25T09:58:50Z</time>
        <extensions>
          <gpxtpx:TrackPointExtension>
            <gpxtpx:hr>158</gpxtpx:hr>
          </gpxtpx:TrackPointExtension>
        </extensions>
      </trkpt>
      <trkpt lat="23.197013164426686" lon="113.39884485250545">
        <ele>49.0</ele>
        <time>2026-07-25T09:58:51Z</time>
        <extensions>
          <gpxtpx:TrackPointExtension>
            <gpxtpx:hr>158</gpxtpx:hr>
          </gpxtpx:TrackPointExtension>
        </extensions>
      </trkpt>
      <trkpt lat="23.197039154502026" lon="113.39883984963086">
        <ele>49.0</ele>
        <time>2026-07-25T09:58:52Z</time>
        <extensions>
          <gpxtpx:TrackPointExtension>
            <gpxtpx:hr>158</gpxtpx:hr>
          </gpxtpx:TrackPointExtension>
        </extensions>
      </trkpt>
      <trkpt lat="23.197059147993997" lon="113.39884784998894">
        <ele>49.6</ele>
        <time>2026-07-25T09:58:53Z</time>
        <extensions>
          <gpxtpx:TrackPointExtension>
            <gpxtpx:hr>160</gpxtpx:hr>
          </gpxtpx:TrackPointExtension>
        </extensions>
      </trkpt>
      <trkpt lat="23.197094136996284" lon="113.39886585149478">
        <ele>49.6</ele>
        <time>2026-07-25T09:58:54Z</time>
        <extensions>
          <gpxtpx:TrackPointExtension>
            <gpxtpx:hr>160</gpxtpx:hr>
          </gpxtpx:TrackPointExtension>
        </extensions>
      </trkpt>
      <trkpt lat="23.19713912189642" lon="113.39887885123419">
        <ele>49.6</ele>
        <time>2026-07-25T09:58:56Z</time>
        <extensions>
          <gpxtpx:TrackPointExtension>
            <gpxtpx:hr>160</gpxtpx:hr>
          </gpxtpx:TrackPointExtension>
        </extensions>
      </trkpt>
      <trkpt lat="23.197173110219808" lon="113.39888585042459">
        <ele>49.6</ele>
        <time>2026-07-25T09:58:57Z</time>
        <extensions>
          <gpxtpx:TrackPointExtension>
            <gpxtpx:hr>160</gpxtpx:hr>
          </gpxtpx:TrackPointExtension>
        </extensions>
      </trkpt>
      <trkpt lat="23.19729306808276" lon="113.39890084545156">
        <ele>49.6</ele>
        <time>2026-07-25T09:59:01Z</time>
        <extensions>
          <gpxtpx:TrackPointExtension>
            <gpxtpx:hr>159</gpxtpx:hr>
          </gpxtpx:TrackPointExtension>
        </extensions>
      </trkpt>
      <trkpt lat="23.19732705592769" lon="113.39890284354982">
        <ele>49.6</ele>
        <time>2026-07-25T09:59:02Z</time>
        <extensions>
          <gpxtpx:TrackPointExtension>
            <gpxtpx:hr>159</gpxtpx:hr>
          </gpxtpx:TrackPointExtension>
        </extensions>
      </trkpt>
      <trkpt lat="23.197366041859826" lon="113.39890384108405">
        <ele>51.4</ele>
        <time>2026-07-25T09:59:04Z</time>
        <extensions>
          <gpxtpx:TrackPointExtension>
            <gpxtpx:hr>158</gpxtpx:hr>
          </gpxtpx:TrackPointExtension>
        </extensions>
      </trkpt>
      <trkpt lat="23.197402028784865" lon="113.39890383860501">
        <ele>51.4</ele>
        <time>2026-07-25T09:59:05Z</time>
        <extensions>
          <gpxtpx:TrackPointExtension>
            <gpxtpx:hr>158</gpxtpx:hr>
          </gpxtpx:TrackPointExtension>
        </extensions>
      </trkpt>
      <trkpt lat="23.19743201779206" lon="113.3989028363193">
        <ele>51.4</ele>
        <time>2026-07-25T09:59:06Z</time>
        <extensions>
          <gpxtpx:TrackPointExtension>
            <gpxtpx:hr>158</gpxtpx:hr>
          </gpxtpx:TrackPointExtension>
        </extensions>
      </trkpt>
      <trkpt lat="23.197463006632177" lon="113.39890383440441">
        <ele>51.4</ele>
        <time>2026-07-25T09:59:07Z</time>
        <extensions>
          <gpxtpx:TrackPointExtension>
            <gpxtpx:hr>158</gpxtpx:hr>
          </gpxtpx:TrackPointExtension>
        </extensions>
      </trkpt>
      <trkpt lat="23.197529982694856" lon="113.39890783067054">
        <ele>51.4</ele>
        <time>2026-07-25T09:59:09Z</time>
        <extensions>
          <gpxtpx:TrackPointExtension>
            <gpxtpx:hr>159</gpxtpx:hr>
          </gpxtpx:TrackPointExtension>
        </extensions>
      </trkpt>
      <trkpt lat="23.197562971007212" lon="113.39891082905851">
        <ele>51.4</ele>
        <time>2026-07-25T09:59:10Z</time>
        <extensions>
          <gpxtpx:TrackPointExtension>
            <gpxtpx:hr>159</gpxtpx:hr>
          </gpxtpx:TrackPointExtension>
        </extensions>
      </trkpt>
      <trkpt lat="23.197675932351046" lon="113.39893482657664">
        <ele>51.5</ele>
        <time>2026-07-25T09:59:14Z</time>
        <extensions>
          <gpxtpx:TrackPointExtension>
            <gpxtpx:hr>159</gpxtpx:hr>
          </gpxtpx:TrackPointExtension>
        </extensions>
      </trkpt>
      <trkpt lat="23.197701923310433" lon="113.39893882567222">
        <ele>51.5</ele>
        <time>2026-07-25T09:59:15Z</time>
        <extensions>
          <gpxtpx:TrackPointExtension>
            <gpxtpx:hr>159</gpxtpx:hr>
          </gpxtpx:TrackPointExtension>
        </extensions>
      </trkpt>
      <trkpt lat="23.19781688197136" lon="113.39894281863978">
        <ele>51.5</ele>
        <time>2026-07-25T09:59:19Z</time>
        <extensions>
          <gpxtpx:TrackPointExtension>
            <gpxtpx:hr>159</gpxtpx:hr>
          </gpxtpx:TrackPointExtension>
        </extensions>
      </trkpt>
      <trkpt lat="23.197860865905636" lon="113.39894181538801">
        <ele>51.5</ele>
        <time>2026-07-25T09:59:20Z</time>
        <extensions>
          <gpxtpx:TrackPointExtension>
            <gpxtpx:hr>159</gpxtpx:hr>
          </gpxtpx:TrackPointExtension>
        </extensions>
      </trkpt>
      <trkpt lat="23.197923842749166" lon="113.39893881038456">
        <ele>51.5</ele>
        <time>2026-07-25T09:59:22Z</time>
        <extensions>
          <gpxtpx:TrackPointExtension>
            <gpxtpx:hr>159</gpxtpx:hr>
          </gpxtpx:TrackPointExtension>
        </extensions>
      </trkpt>
      <trkpt lat="23.197981821310623" lon="113.39893480550445">
        <ele>52.3</ele>
        <time>2026-07-25T09:59:23Z</time>
        <extensions>
          <gpxtpx:TrackPointExtension>
            <gpxtpx:hr>160</gpxtpx:hr>
          </gpxtpx:TrackPointExtension>
        </extensions>
      </trkpt>
      <trkpt lat="23.19803380254676" lon="113.39893580214496">
        <ele>52.3</ele>
        <time>2026-07-25T09:59:24Z</time>
        <extensions>
          <gpxtpx:TrackPointExtension>
            <gpxtpx:hr>160</gpxtpx:hr>
          </gpxtpx:TrackPointExtension>
        </extensions>
      </trkpt>
      <trkpt lat="23.198074788669096" lon="113.3989458015386">
        <ele>52.3</ele>
        <time>2026-07-25T09:59:25Z</time>
        <extensions>
          <gpxtpx:TrackPointExtension>
            <gpxtpx:hr>160</gpxtpx:hr>
          </gpxtpx:TrackPointExtension>
        </extensions>
      </trkpt>
      <trkpt lat="23.198098780064065" lon="113.39894680010785">
        <ele>52.3</ele>
        <time>2026-07-25T09:59:26Z</time>
        <extensions>
          <gpxtpx:TrackPointExtension>
            <gpxtpx:hr>160</gpxtpx:hr>
          </gpxtpx:TrackPointExtension>
        </extensions>
      </trkpt>
      <trkpt lat="23.198183745386242" lon="113.39890778563385">
        <ele>52.3</ele>
        <time>2026-07-25T09:59:29Z</time>
        <extensions>
          <gpxtpx:TrackPointExtension>
            <gpxtpx:hr>161</gpxtpx:hr>
          </gpxtpx:TrackPointExtension>
        </extensions>
      </trkpt>
      <trkpt lat="23.198209734591867" lon="113.39889378076715">
        <ele>52.3</ele>
        <time>2026-07-25T09:59:30Z</time>
        <extensions>
          <gpxtpx:TrackPointExtension>
            <gpxtpx:hr>161</gpxtpx:hr>
          </gpxtpx:TrackPointExtension>
        </extensions>
      </trkpt>
      <trkpt lat="23.198236723057757" lon="113.39887577496691">
        <ele>52.3</ele>
        <time>2026-07-25T09:59:31Z</time>
        <extensions>
          <gpxtpx:TrackPointExtension>
            <gpxtpx:hr>161</gpxtpx:hr>
          </gpxtpx:TrackPointExtension>
        </extensions>
      </trkpt>
      <trkpt lat="23.19825771390542" lon="113.39885977003117">
        <ele>52.3</ele>
        <time>2026-07-25T09:59:32Z</time>
        <extensions>
          <gpxtpx:TrackPointExtension>
            <gpxtpx:hr>161</gpxtpx:hr>
          </gpxtpx:TrackPointExtension>
        </extensions>
      </trkpt>
      <trkpt lat="23.19827570566236" lon="113.39884176488094">
        <ele>54.3</ele>
        <time>2026-07-25T09:59:33Z</time>
        <extensions>
          <gpxtpx:TrackPointExtension>
            <gpxtpx:hr>161</gpxtpx:hr>
          </gpxtpx:TrackPointExtension>
        </extensions>
      </trkpt>
      <trkpt lat="23.198326681092492" lon="113.39877674738027">
        <ele>54.3</ele>
        <time>2026-07-25T09:59:36Z</time>
        <extensions>
          <gpxtpx:TrackPointExtension>
            <gpxtpx:hr>161</gpxtpx:hr>
          </gpxtpx:TrackPointExtension>
        </extensions>
      </trkpt>
      <trkpt lat="23.198346672648594" lon="113.39876374323029">
        <ele>54.3</ele>
        <time>2026-07-25T09:59:37Z</time>
        <extensions>
          <gpxtpx:TrackPointExtension>
            <gpxtpx:hr>161</gpxtpx:hr>
          </gpxtpx:TrackPointExtension>
        </extensions>
      </trkpt>
      <trkpt lat="23.198357666567652" lon="113.39874073758773">
        <ele>54.3</ele>
        <time>2026-07-25T09:59:38Z</time>
        <extensions>
          <gpxtpx:TrackPointExtension>
            <gpxtpx:hr>161</gpxtpx:hr>
          </gpxtpx:TrackPointExtension>
        </extensions>
      </trkpt>
      <trkpt lat="23.1983606624285" lon="113.39870673020762">
        <ele>54.3</ele>
        <time>2026-07-25T09:59:40Z</time>
        <extensions>
          <gpxtpx:TrackPointExtension>
            <gpxtpx:hr>161</gpxtpx:hr>
          </gpxtpx:TrackPointExtension>
        </extensions>
      </trkpt>
      <trkpt lat="23.198368656440614" lon="113.39867172233184">
        <ele>54.3</ele>
        <time>2026-07-25T09:59:42Z</time>
        <extensions>
          <gpxtpx:TrackPointExtension>
            <gpxtpx:hr>161</gpxtpx:hr>
          </gpxtpx:TrackPointExtension>
        </extensions>
      </trkpt>
    </trkseg>
  </trk>
</gpx>